/* 1. Заполнить все таблицы БД vk данными (по 10-100 записей в каждой таблице).
 * Все таблицы БД vk заполнены данными.
 */
-- MariaDB dump 10.19  Distrib 10.5.12-MariaDB, for Linux (x86_64)
--
-- Host: mysql.hostinger.ro    Database: u574849695_18
-- ------------------------------------------------------
-- Server version	10.5.12-MariaDB-cll-lve

/*!40101 SET @OLD_CHARACTER_SET_CLIENT=@@CHARACTER_SET_CLIENT */;
/*!40101 SET @OLD_CHARACTER_SET_RESULTS=@@CHARACTER_SET_RESULTS */;
/*!40101 SET @OLD_COLLATION_CONNECTION=@@COLLATION_CONNECTION */;
/*!40101 SET NAMES utf8mb4 */;
/*!40103 SET @OLD_TIME_ZONE=@@TIME_ZONE */;
/*!40103 SET TIME_ZONE='+00:00' */;
/*!40014 SET @OLD_UNIQUE_CHECKS=@@UNIQUE_CHECKS, UNIQUE_CHECKS=0 */;
/*!40014 SET @OLD_FOREIGN_KEY_CHECKS=@@FOREIGN_KEY_CHECKS, FOREIGN_KEY_CHECKS=0 */;
/*!40101 SET @OLD_SQL_MODE=@@SQL_MODE, SQL_MODE='NO_AUTO_VALUE_ON_ZERO' */;
/*!40111 SET @OLD_SQL_NOTES=@@SQL_NOTES, SQL_NOTES=0 */;

--
-- Table structure for table `communities`
--

DROP TABLE IF EXISTS `communities`;
/*!40101 SET @saved_cs_client     = @@character_set_client */;
/*!40101 SET character_set_client = utf8 */;
CREATE TABLE `communities` (
  `id` bigint(20) unsigned NOT NULL AUTO_INCREMENT,
  `name` varchar(150) COLLATE utf8mb4_unicode_ci DEFAULT NULL,
  `admin_user_id` bigint(20) unsigned DEFAULT NULL,
  PRIMARY KEY (`id`),
  KEY `communities_name_idx` (`name`),
  KEY `admin_user_id` (`admin_user_id`),
  CONSTRAINT `communities_ibfk_1` FOREIGN KEY (`admin_user_id`) REFERENCES `users` (`id`) ON DELETE SET NULL ON UPDATE CASCADE
) ENGINE=InnoDB AUTO_INCREMENT=101 DEFAULT CHARSET=utf8mb4 COLLATE=utf8mb4_unicode_ci;
/*!40101 SET character_set_client = @saved_cs_client */;

--
-- Dumping data for table `communities`
--

LOCK TABLES `communities` WRITE;
/*!40000 ALTER TABLE `communities` DISABLE KEYS */;
INSERT INTO `communities` VALUES (1,'nulla',98),(2,'maxime',23),(3,'accusamus',4),(4,'excepturi',5),(5,'nam',58),(6,'at',86),(7,'nemo',35),(8,'et',38),(9,'debitis',54),(10,'quia',12),(11,'aperiam',70),(12,'omnis',23),(13,'minus',96),(14,'maiores',8),(15,'occaecati',17),(16,'molestiae',34),(17,'modi',53),(18,'recusandae',20),(19,'et',74),(20,'corrupti',86),(21,'in',39),(22,'id',56),(23,'inventore',70),(24,'dicta',65),(25,'cumque',70),(26,'quia',52),(27,'error',87),(28,'in',15),(29,'provident',76),(30,'facilis',65),(31,'atque',77),(32,'molestiae',73),(33,'non',88),(34,'dolorem',80),(35,'tenetur',78),(36,'molestias',46),(37,'provident',65),(38,'sed',13),(39,'magni',84),(40,'ab',19),(41,'ea',25),(42,'assumenda',53),(43,'suscipit',41),(44,'voluptas',21),(45,'natus',60),(46,'minus',57),(47,'doloremque',54),(48,'reprehenderit',12),(49,'aliquid',77),(50,'enim',28),(51,'officiis',98),(52,'praesentium',15),(53,'aut',83),(54,'est',67),(55,'non',80),(56,'perspiciatis',53),(57,'odit',18),(58,'dignissimos',67),(59,'commodi',67),(60,'ratione',94),(61,'est',31),(62,'sequi',43),(63,'incidunt',67),(64,'quaerat',19),(65,'doloremque',23),(66,'deserunt',44),(67,'quia',65),(68,'est',88),(69,'distinctio',57),(70,'minus',48),(71,'illum',6),(72,'labore',81),(73,'delectus',1),(74,'vel',46),(75,'sunt',1),(76,'possimus',60),(77,'recusandae',3),(78,'velit',54),(79,'velit',72),(80,'voluptas',79),(81,'vel',82),(82,'esse',69),(83,'soluta',94),(84,'perferendis',64),(85,'sit',35),(86,'labore',73),(87,'possimus',16),(88,'amet',53),(89,'ad',39),(90,'est',82),(91,'sunt',46),(92,'sed',70),(93,'illo',25),(94,'dolor',13),(95,'suscipit',89),(96,'magnam',47),(97,'est',57),(98,'dolorem',53),(99,'sit',34),(100,'voluptates',13);
/*!40000 ALTER TABLE `communities` ENABLE KEYS */;
UNLOCK TABLES;

--
-- Table structure for table `friend_requests`
--

DROP TABLE IF EXISTS `friend_requests`;
/*!40101 SET @saved_cs_client     = @@character_set_client */;
/*!40101 SET character_set_client = utf8 */;
CREATE TABLE `friend_requests` (
  `initiator_user_id` bigint(20) unsigned NOT NULL,
  `target_user_id` bigint(20) unsigned NOT NULL,
  `status` enum('requested','approved','declined','unfriended') COLLATE utf8mb4_unicode_ci DEFAULT NULL,
  `requested_at` datetime DEFAULT current_timestamp(),
  `updated_at` datetime DEFAULT NULL ON UPDATE current_timestamp(),
  PRIMARY KEY (`initiator_user_id`,`target_user_id`),
  KEY `target_user_id` (`target_user_id`),
  CONSTRAINT `friend_requests_ibfk_1` FOREIGN KEY (`initiator_user_id`) REFERENCES `users` (`id`) ON DELETE CASCADE ON UPDATE CASCADE,
  CONSTRAINT `friend_requests_ibfk_2` FOREIGN KEY (`target_user_id`) REFERENCES `users` (`id`) ON DELETE CASCADE ON UPDATE CASCADE
) ENGINE=InnoDB DEFAULT CHARSET=utf8mb4 COLLATE=utf8mb4_unicode_ci;
/*!40101 SET character_set_client = @saved_cs_client */;

--
-- Dumping data for table `friend_requests`
--

LOCK TABLES `friend_requests` WRITE;
/*!40000 ALTER TABLE `friend_requests` DISABLE KEYS */;
INSERT INTO `friend_requests` VALUES (2,2,'approved','2019-05-22 16:19:16','2012-01-01 14:09:54'),(3,2,'requested','2012-05-08 06:16:42','2001-08-23 04:15:11'),(3,37,'unfriended','2001-04-27 20:06:30','1995-07-18 16:29:46'),(4,7,'declined','1994-01-04 10:35:50','1991-04-12 12:18:49'),(5,31,'approved','2015-11-08 04:57:19','2006-05-17 19:01:21'),(10,51,'requested','1988-06-11 03:36:25','1975-08-16 19:28:08'),(14,34,'requested','2002-12-10 13:09:59','1979-07-10 10:03:55'),(15,67,'approved','1990-06-01 15:33:45','1997-10-10 05:30:31'),(15,80,'requested','2013-12-15 18:24:17','1976-08-26 00:54:20'),(16,4,'approved','2012-12-02 02:41:01','2005-07-05 12:45:18'),(18,38,'requested','2020-09-04 08:26:05','2000-07-06 17:05:56'),(21,96,'requested','1972-09-15 18:24:00','1990-04-23 22:33:27'),(24,31,'requested','2016-10-30 14:31:29','1977-06-10 00:44:15'),(24,93,'declined','1974-10-20 22:44:12','1995-08-17 13:54:58'),(32,62,'declined','1982-06-08 18:19:11','1983-05-31 16:37:06'),(33,12,'requested','1991-07-06 09:03:05','1987-08-01 10:46:20'),(34,83,'approved','2011-09-25 00:00:56','2001-11-05 21:30:54'),(38,13,'unfriended','1973-03-23 07:05:04','2014-02-27 04:35:22'),(44,45,'approved','1986-09-25 12:50:16','2016-11-03 08:01:58'),(45,93,'requested','1994-05-03 15:49:02','1981-09-13 17:31:17'),(49,20,'approved','1988-06-11 00:53:35','1980-08-19 06:42:01'),(49,90,'unfriended','2006-01-27 08:44:59','1976-11-24 09:44:04'),(51,15,'unfriended','1972-07-19 18:52:50','2009-07-23 16:32:53'),(51,68,'unfriended','2015-01-25 02:07:33','1997-01-17 06:25:58'),(52,15,'declined','1971-07-02 06:03:10','1975-04-29 09:07:01'),(53,2,'unfriended','1988-07-14 11:49:23','1985-07-28 23:49:33'),(59,1,'unfriended','1993-06-07 09:49:07','2013-08-23 17:27:13'),(61,66,'unfriended','2014-04-09 09:56:30','1982-12-13 11:18:45'),(65,79,'requested','1988-03-22 10:34:48','1971-09-08 19:50:40'),(66,70,'approved','2022-05-17 03:14:15','2020-08-13 13:34:33'),(67,68,'declined','1970-02-26 23:30:43','2014-06-24 16:04:54'),(69,7,'unfriended','1987-10-08 11:34:03','2022-03-11 16:30:22'),(69,37,'approved','2012-10-28 21:47:14','2010-10-05 06:44:34'),(70,41,'unfriended','2012-08-09 10:53:30','2018-12-21 05:25:47'),(72,29,'declined','2013-07-16 13:40:15','2003-08-18 19:55:50'),(82,50,'requested','2009-08-24 07:47:15','2013-03-07 10:16:54'),(87,7,'declined','1994-10-20 14:31:04','2002-08-11 02:54:06'),(87,53,'requested','2008-01-25 22:09:34','1993-05-11 22:05:48'),(88,66,'unfriended','2015-11-21 22:37:05','2017-02-05 17:14:19'),(89,6,'approved','1991-09-22 06:02:55','1976-01-15 08:39:57'),(90,31,'unfriended','1984-04-17 09:56:34','2008-06-06 00:40:14'),(93,53,'unfriended','1988-04-27 04:37:14','1979-04-04 01:18:44'),(94,66,'declined','2002-03-20 10:54:41','1998-09-21 12:51:44'),(97,46,'declined','2008-03-09 01:00:36','1984-01-16 17:05:47'),(97,63,'approved','1998-02-16 09:17:28','1990-04-30 09:37:40'),(97,65,'declined','2022-04-19 06:58:40','2001-10-23 15:18:48'),(98,56,'unfriended','1986-05-10 18:17:44','2015-05-19 16:09:22'),(98,87,'declined','1989-05-06 05:59:55','1995-01-21 01:07:06'),(99,92,'approved','1982-07-13 03:53:01','2020-01-06 22:22:05');
/*!40000 ALTER TABLE `friend_requests` ENABLE KEYS */;
UNLOCK TABLES;

--
-- Table structure for table `likes`
--

DROP TABLE IF EXISTS `likes`;
/*!40101 SET @saved_cs_client     = @@character_set_client */;
/*!40101 SET character_set_client = utf8 */;
CREATE TABLE `likes` (
  `id` bigint(20) unsigned NOT NULL AUTO_INCREMENT,
  `user_id` bigint(20) unsigned NOT NULL,
  `media_id` bigint(20) unsigned NOT NULL,
  `created_at` datetime DEFAULT current_timestamp(),
  PRIMARY KEY (`id`),
  KEY `user_id` (`user_id`),
  KEY `media_id` (`media_id`),
  CONSTRAINT `likes_ibfk_1` FOREIGN KEY (`user_id`) REFERENCES `users` (`id`) ON DELETE CASCADE ON UPDATE CASCADE,
  CONSTRAINT `likes_ibfk_2` FOREIGN KEY (`media_id`) REFERENCES `media` (`id`) ON DELETE CASCADE ON UPDATE CASCADE
) ENGINE=InnoDB AUTO_INCREMENT=101 DEFAULT CHARSET=utf8mb4 COLLATE=utf8mb4_unicode_ci;
/*!40101 SET character_set_client = @saved_cs_client */;

--
-- Dumping data for table `likes`
--

LOCK TABLES `likes` WRITE;
/*!40000 ALTER TABLE `likes` DISABLE KEYS */;
INSERT INTO `likes` VALUES (1,68,1,'2001-08-02 16:03:38'),(2,73,12,'1986-01-28 06:33:42'),(3,32,19,'2009-08-10 02:46:22'),(4,54,21,'1982-12-25 06:51:53'),(5,15,85,'2017-09-14 17:59:00'),(6,10,53,'1979-06-13 13:01:45'),(7,22,32,'1977-05-17 21:03:24'),(8,16,16,'2006-07-05 11:22:31'),(9,25,72,'1985-08-13 15:39:16'),(10,78,45,'1988-05-16 15:14:15'),(11,75,4,'1992-02-05 10:33:26'),(12,99,83,'2021-05-07 12:39:30'),(13,34,84,'1970-12-02 04:54:56'),(14,94,22,'1975-05-24 07:17:34'),(15,45,10,'2011-08-22 17:51:14'),(16,98,12,'1985-07-20 15:00:38'),(17,10,70,'2012-08-03 04:10:57'),(18,24,42,'1987-01-21 13:53:15'),(19,88,77,'1984-06-11 06:51:30'),(20,62,3,'1978-10-06 16:05:00'),(21,62,72,'1976-03-15 22:53:55'),(22,55,83,'1970-03-29 03:53:56'),(23,3,70,'2014-01-09 11:46:05'),(24,98,27,'1999-10-31 04:44:03'),(25,41,76,'1995-04-17 00:31:27'),(26,72,16,'2014-02-18 04:23:43'),(27,80,71,'1982-09-24 19:16:52'),(28,98,13,'2010-10-30 06:05:09'),(29,54,92,'1973-11-25 06:01:18'),(30,35,99,'2011-03-31 19:57:44'),(31,1,32,'1999-01-07 08:29:00'),(32,10,11,'2000-03-01 07:54:09'),(33,2,33,'1974-07-19 17:01:21'),(34,52,89,'2006-05-27 18:01:50'),(35,10,13,'1977-01-26 02:36:09'),(36,91,71,'1984-10-26 16:18:33'),(37,84,46,'1997-01-20 12:37:49'),(38,54,87,'1993-06-30 22:23:20'),(39,15,52,'1992-04-14 05:12:25'),(40,13,56,'1982-04-16 05:48:10'),(41,27,85,'1993-01-30 04:03:54'),(42,72,7,'1970-04-02 08:59:59'),(43,55,70,'1987-10-11 09:25:32'),(44,19,9,'1986-04-04 20:42:45'),(45,61,54,'2009-09-07 18:56:13'),(46,7,61,'1996-01-19 02:27:36'),(47,86,16,'2013-08-31 18:39:46'),(48,71,87,'1994-05-07 15:22:22'),(49,49,23,'2022-03-17 16:35:30'),(50,75,58,'1973-03-17 11:13:30'),(51,35,66,'2014-09-06 10:41:18'),(52,29,19,'2000-11-07 19:57:51'),(53,11,82,'1975-03-20 11:46:01'),(54,5,26,'1986-01-05 23:00:22'),(55,33,18,'1976-08-03 20:03:53'),(56,82,60,'2004-09-09 18:51:47'),(57,2,54,'1994-03-26 02:20:17'),(58,66,57,'2015-11-08 18:20:10'),(59,23,85,'1998-02-19 12:00:15'),(60,65,83,'1998-07-02 01:35:53'),(61,38,71,'1990-12-08 20:39:21'),(62,44,24,'1991-05-29 21:25:02'),(63,87,15,'1994-02-16 19:45:54'),(64,10,35,'1981-08-20 22:10:19'),(65,37,85,'1985-07-30 02:20:31'),(66,93,72,'1987-01-10 18:06:07'),(67,51,22,'1997-11-26 01:16:23'),(68,91,61,'1979-12-22 05:01:49'),(69,4,96,'1974-03-07 03:13:54'),(70,87,36,'1986-07-24 17:36:05'),(71,14,69,'1993-03-13 23:11:01'),(72,96,16,'2013-07-03 14:59:15'),(73,22,62,'1972-12-28 22:29:07'),(74,72,44,'1987-11-14 15:07:48'),(75,46,36,'2009-03-22 00:01:16'),(76,27,84,'2008-05-23 23:01:37'),(77,7,70,'1998-09-03 03:54:48'),(78,8,93,'2021-10-04 20:39:31'),(79,85,17,'2009-01-29 15:10:25'),(80,28,22,'1973-08-23 10:48:18'),(81,1,21,'1996-10-04 14:20:30'),(82,93,51,'1972-04-10 13:36:36'),(83,42,84,'2020-11-11 05:36:35'),(84,12,45,'1978-12-21 19:46:00'),(85,79,99,'2018-12-05 17:03:22'),(86,81,93,'1974-03-17 01:26:11'),(87,67,77,'2002-01-26 06:48:56'),(88,8,89,'2010-01-26 04:11:06'),(89,38,80,'2012-02-17 17:04:38'),(90,32,84,'1975-12-20 20:27:29'),(91,16,59,'1989-08-21 07:18:42'),(92,68,22,'1993-04-06 04:18:17'),(93,29,75,'2019-01-28 02:38:31'),(94,15,13,'2019-04-25 20:20:28'),(95,91,43,'1974-02-05 03:39:04'),(96,34,92,'1972-10-28 18:34:35'),(97,63,27,'1978-02-08 02:35:47'),(98,43,4,'1975-04-14 07:00:46'),(99,10,55,'1993-05-01 03:15:52'),(100,49,89,'1982-03-16 12:07:22');
/*!40000 ALTER TABLE `likes` ENABLE KEYS */;
UNLOCK TABLES;

--
-- Table structure for table `media`
--

DROP TABLE IF EXISTS `media`;
/*!40101 SET @saved_cs_client     = @@character_set_client */;
/*!40101 SET character_set_client = utf8 */;
CREATE TABLE `media` (
  `id` bigint(20) unsigned NOT NULL AUTO_INCREMENT,
  `media_type_id` bigint(20) unsigned DEFAULT NULL,
  `user_id` bigint(20) unsigned NOT NULL,
  `body` text COLLATE utf8mb4_unicode_ci DEFAULT NULL,
  `filename` varchar(255) COLLATE utf8mb4_unicode_ci DEFAULT NULL,
  `size` int(11) DEFAULT NULL,
  `metadata` longtext CHARACTER SET utf8mb4 COLLATE utf8mb4_bin DEFAULT NULL CHECK (json_valid(`metadata`)),
  `created_at` datetime DEFAULT current_timestamp(),
  `updated_at` datetime DEFAULT current_timestamp() ON UPDATE current_timestamp(),
  PRIMARY KEY (`id`),
  KEY `user_id` (`user_id`),
  KEY `media_type_id` (`media_type_id`),
  CONSTRAINT `media_ibfk_1` FOREIGN KEY (`user_id`) REFERENCES `users` (`id`) ON DELETE CASCADE ON UPDATE CASCADE,
  CONSTRAINT `media_ibfk_2` FOREIGN KEY (`media_type_id`) REFERENCES `media_types` (`id`) ON DELETE SET NULL ON UPDATE CASCADE
) ENGINE=InnoDB AUTO_INCREMENT=101 DEFAULT CHARSET=utf8mb4 COLLATE=utf8mb4_unicode_ci;
/*!40101 SET character_set_client = @saved_cs_client */;

--
-- Dumping data for table `media`
--

LOCK TABLES `media` WRITE;
/*!40000 ALTER TABLE `media` DISABLE KEYS */;
INSERT INTO `media` VALUES (1,1,44,'Provident molestiae ipsam itaque ipsam. Velit est nostrum id voluptatem. Quia consequuntur ducimus repellat et. Aut qui et doloribus consequuntur blanditiis.','excepturi',810061051,NULL,'1980-06-19 10:30:22','1996-06-18 07:45:38'),(2,2,69,'Omnis consequatur est molestiae itaque eos ut. Temporibus qui est incidunt natus id voluptatem dolores. Nesciunt necessitatibus reiciendis nulla rerum.','sed',9554,NULL,'1998-04-12 12:17:31','1986-08-03 12:13:47'),(3,3,86,'Facere ducimus qui voluptatem enim ipsa. Et voluptas voluptatum labore accusamus explicabo harum. Delectus et consequatur officia delectus est. Officia cupiditate molestiae veniam unde.','assumenda',5,NULL,'1987-10-10 22:05:40','1973-06-06 23:15:08'),(4,4,5,'Enim quibusdam ut sit sit fuga qui excepturi. Omnis quo aut nesciunt dolorem error veritatis et. Voluptas necessitatibus minima optio et et quas perferendis eum. Perspiciatis consequatur earum neque minus.','molestias',604148,NULL,'1977-04-11 19:39:10','1976-01-10 20:22:45'),(5,1,43,'Magni numquam veniam nisi nihil assumenda reprehenderit voluptate. Aut dolores dignissimos reprehenderit nihil et. Consectetur et qui vero expedita recusandae aut neque dolor. Sunt vero sed animi enim illo eos. Et tempora nobis neque suscipit.','et',9,NULL,'1990-12-12 11:52:19','1977-01-17 22:46:05'),(6,2,79,'Et quia aperiam alias corporis rerum occaecati. Minus laborum ea impedit ab. Perferendis et aut est. Vero ea sunt optio nostrum maxime ipsa.','architecto',414825,NULL,'1997-07-23 04:43:37','1995-07-10 22:33:01'),(7,3,19,'Quod distinctio exercitationem qui est et nam ipsa. Ipsa dolor quidem voluptatum quis deserunt. Vel quod id sit quia voluptatem. Est voluptatem voluptatibus vero enim.','quia',333,NULL,'2008-11-28 14:29:46','1989-01-27 07:15:29'),(8,4,46,'Non excepturi debitis dolor voluptatem aliquid. Dolorum perferendis asperiores perspiciatis omnis est id. Illum rerum non beatae voluptas.','dolores',510435204,NULL,'2010-04-14 13:21:58','1989-07-14 07:05:04'),(9,1,13,'Impedit delectus repudiandae excepturi saepe mollitia adipisci dolores occaecati. Eos dolor omnis deserunt est libero. Nemo fuga velit et et quod cum et.','voluptates',86954309,NULL,'2011-07-14 15:53:31','2002-10-13 12:11:26'),(10,2,91,'Sed rerum quaerat non totam. Qui dolorum sunt culpa aut commodi quo. Necessitatibus pariatur voluptatem praesentium illo sunt odit beatae.','minus',74533815,NULL,'1998-04-28 14:07:46','1977-07-06 15:41:45'),(11,3,6,'Adipisci atque qui eum fugiat. Voluptatem saepe earum corporis vel dolorem. Odit et et cumque nobis.','et',926423,NULL,'1996-07-08 07:41:31','1991-10-27 00:28:15'),(12,4,24,'Praesentium fuga natus qui corrupti. Officiis nesciunt laborum suscipit maiores. Sunt explicabo quia eos expedita neque.','et',3988,NULL,'1999-12-19 12:28:41','2017-04-10 07:14:44'),(13,1,23,'Et molestiae ut eum qui. Asperiores illo soluta debitis. Distinctio quis tenetur possimus dolor ea eum excepturi. Iure blanditiis nesciunt magnam consequatur.','libero',6,NULL,'1973-10-22 09:45:07','1973-11-11 01:54:31'),(14,2,37,'Voluptas possimus voluptatem voluptates esse. Similique expedita voluptas sit harum quos. Voluptatem autem in et libero. Voluptates animi consequuntur ad et.','eos',9701,NULL,'2020-09-08 03:28:53','2021-12-08 00:14:34'),(15,3,97,'Aut natus asperiores voluptatem aut quia dolor hic praesentium. Qui ad consequatur aliquid laborum consectetur ea. Dolorem earum sed eius numquam quas ut deserunt. Incidunt dolorem eligendi quisquam asperiores adipisci at similique.','nisi',859890451,NULL,'1970-01-15 20:00:39','1972-05-15 10:05:48'),(16,4,77,'Ut eveniet suscipit vero ullam illum consequatur reprehenderit. Eum qui dolores porro non id totam rerum autem. Repellat mollitia sit eos vel velit. Deleniti dolor itaque id saepe.','enim',60,NULL,'1977-07-11 22:29:03','1977-03-22 20:35:21'),(17,1,26,'Iure laboriosam quis delectus. Accusantium voluptas numquam perferendis nihil deleniti. Dolor est esse quibusdam temporibus dolorum. Atque saepe commodi culpa quisquam.','sunt',97664260,NULL,'1987-11-02 00:08:18','1970-09-21 10:23:34'),(18,2,45,'Est ipsa fugit dolore a vel hic. Sunt eum recusandae fugiat cum qui.','eligendi',2462,NULL,'2015-03-30 00:58:59','2021-03-22 13:29:51'),(19,3,50,'Omnis nihil dolores neque consequatur. Sint pariatur ullam eum cumque ut. Placeat est suscipit aut ipsa et ut. Eum nam atque reiciendis omnis.','fuga',62695734,NULL,'2009-12-28 10:07:39','1977-03-07 06:29:56'),(20,4,87,'Fuga sed ab voluptatem in qui. Et laborum velit unde. Quibusdam nam autem consequatur et aut consequatur. Illo ut voluptas distinctio non at quis aliquam.','molestiae',131,NULL,'1982-12-02 00:42:33','1984-03-09 06:34:02'),(21,1,15,'Reiciendis enim natus id rerum consequatur est molestiae. Modi ut quia ipsum aut ad et molestiae. Beatae impedit quis fugiat ut.','voluptates',8384463,NULL,'2013-05-23 00:01:46','1998-05-12 14:19:08'),(22,2,15,'Ea aut quasi sed reiciendis. Id ea velit sequi veritatis maiores ipsum labore. Quae possimus similique sit maiores voluptas minima et officiis. Tenetur ratione deleniti fugiat cumque.','placeat',7,NULL,'2001-07-31 01:17:04','1990-04-23 04:14:13'),(23,3,3,'Quae corporis atque odit ad saepe. Qui dolores enim repellat sapiente explicabo labore. Vero maiores numquam est quo quas autem qui. Aliquid quas earum magnam debitis veniam expedita.','quisquam',64,NULL,'1995-10-12 07:29:52','2021-01-17 21:25:40'),(24,4,71,'Repellendus est voluptate voluptatem eos sit. Doloremque praesentium quo sed quasi nisi nemo. Vel dignissimos aut sit eveniet omnis.','tempore',927330058,NULL,'2007-05-07 05:37:31','2002-08-28 19:25:56'),(25,1,99,'Fuga ut fugit velit optio nemo esse. Corporis sit aspernatur velit dolorem qui. Consequatur deleniti est dolore libero dolor et.','rerum',2,NULL,'1986-10-22 17:02:34','1993-04-07 15:46:11'),(26,2,54,'Laudantium enim quia nam deserunt id. Aperiam aut voluptas autem rem voluptatem nesciunt. Ea nemo ut saepe ratione dicta libero.','in',4020,NULL,'1985-08-11 20:17:06','2000-05-04 09:46:26'),(27,3,51,'Enim earum nesciunt est quam est odio assumenda sit. Voluptatum in placeat excepturi. Recusandae veritatis laborum distinctio fugiat nesciunt labore veniam. Ut enim labore quasi.','assumenda',0,NULL,'2006-11-26 06:19:48','2020-05-06 15:04:44'),(28,4,31,'Enim possimus esse et qui assumenda. Qui exercitationem quos aut minus. Eum officia aliquid voluptatum architecto occaecati sunt commodi. Vitae deserunt quisquam et qui enim unde.','delectus',79863906,NULL,'2005-10-07 12:10:25','1981-04-22 18:55:52'),(29,1,62,'Vel nisi iste nihil nihil rerum rerum eius et. Rerum ullam asperiores placeat quisquam. Nihil asperiores eligendi expedita ut necessitatibus. Quia iste modi iusto perferendis cum est.','eum',61,NULL,'2008-08-01 00:34:43','1982-10-09 03:23:33'),(30,2,9,'Dolorem reprehenderit eligendi assumenda consequatur asperiores aut. Fuga doloremque quis facilis unde.','quo',5,NULL,'1975-02-20 02:23:29','1986-11-25 00:03:26'),(31,3,17,'Consequatur odit et sit eum qui fugiat consequatur. Harum fugit omnis sapiente voluptatum impedit. Ad eum quo sed sapiente repudiandae vitae. Autem velit voluptates eveniet sed placeat voluptates.','molestiae',1401,NULL,'1991-11-27 09:47:22','2005-11-14 07:13:14'),(32,4,5,'Magnam recusandae doloremque praesentium culpa. Animi id libero quas sunt qui et corporis. Rerum nulla unde est omnis et. Qui porro dolores voluptatem neque maxime.','aut',594,NULL,'1981-02-17 18:23:33','1993-05-17 00:31:09'),(33,1,77,'Aut dolor placeat recusandae iure perspiciatis unde. Esse delectus numquam omnis dolore nihil dolorem.','tenetur',88484,NULL,'2005-08-18 05:21:37','2013-07-26 00:04:30'),(34,2,3,'Ea ut assumenda numquam nihil quia. Totam est ratione autem saepe inventore aliquid alias. Sint ipsa rerum occaecati ut maiores rerum rerum.','aut',413161,NULL,'1980-12-18 08:08:19','2003-02-22 21:01:59'),(35,3,10,'Blanditiis inventore consequatur provident. Laudantium ipsam nobis vel exercitationem. Tenetur unde suscipit quos autem error. Sapiente consectetur rem perspiciatis quia.','quam',525659903,NULL,'2009-07-22 19:00:39','1985-11-03 12:42:03'),(36,4,19,'Eum cupiditate ad incidunt maiores maxime recusandae hic. Repudiandae eum eum commodi occaecati est velit aut.','occaecati',408439,NULL,'2004-08-20 15:37:01','1982-10-04 12:38:56'),(37,1,82,'Dolorum ut aliquid eum neque. Voluptas ipsam dolorum velit earum eius beatae. Velit doloribus nemo porro et reiciendis corrupti eos.','nesciunt',78,NULL,'2018-05-10 22:33:44','1982-07-25 22:06:09'),(38,2,28,'Placeat ut nesciunt aut sequi non. Eos quos architecto soluta consequatur. Est aut in deleniti consectetur.','molestiae',66,NULL,'2000-05-11 03:15:22','1974-03-27 13:01:52'),(39,3,65,'Rerum consequuntur magni inventore voluptas ut. Ducimus inventore eveniet unde ut illum fugiat atque. Nemo aut porro dolor incidunt dolorum neque labore. Culpa et atque in est quos ipsam dolor. Rerum magni doloremque pariatur aperiam quia iure voluptatem et.','sapiente',67691129,NULL,'1978-06-03 02:47:39','2010-09-22 17:47:14'),(40,4,94,'Dolorum sint qui nemo illo ratione. Reiciendis fugit nemo consectetur voluptatem sapiente enim non. Quo modi quo minus tempora fugit eligendi. Non velit aut possimus nisi et est doloribus.','modi',424599426,NULL,'1993-03-16 11:10:14','2000-02-27 13:16:49'),(41,1,19,'Dolores maxime et et perspiciatis a. Possimus vel dicta aperiam dolorem. Architecto recusandae quae et occaecati delectus cumque.','quod',8233807,NULL,'1992-07-18 03:46:05','1998-04-17 18:00:16'),(42,2,71,'Quo eveniet assumenda qui impedit. Quod placeat corrupti provident possimus nihil quia aut.','et',2895757,NULL,'1976-10-14 13:45:31','1983-07-15 03:14:55'),(43,3,18,'Eum sed mollitia impedit laudantium dolorem explicabo quo. Nam aut tempore debitis.','quidem',945604,NULL,'1999-05-03 06:23:11','1982-04-11 18:43:23'),(44,4,42,'Dolores sapiente et molestiae. Est qui reiciendis quis a voluptatem qui. Et expedita libero atque.','soluta',115,NULL,'1987-06-09 15:26:19','2005-03-28 05:38:29'),(45,1,8,'Error distinctio et quos. Eius unde neque est reiciendis. Eveniet odit nihil est inventore beatae possimus explicabo. Maiores architecto aut asperiores at asperiores enim tempora.','ducimus',8863,NULL,'1970-02-19 03:21:11','1976-03-05 14:52:01'),(46,2,14,'Explicabo nobis et necessitatibus. Et nihil similique iusto atque. Praesentium esse sit quia recusandae.','quo',7099,NULL,'1985-10-25 11:32:36','2003-09-24 04:56:54'),(47,3,18,'Reiciendis eos porro soluta sint eligendi. Consectetur quis praesentium assumenda veritatis voluptas. Temporibus illo est quae pariatur et quis aut.','ex',9917,NULL,'1997-07-29 07:18:39','1993-01-26 09:00:15'),(48,4,34,'Harum placeat natus voluptas eius in. Et qui voluptatem dolorem quia doloremque est quasi. Reprehenderit illo omnis nobis aperiam earum rerum natus tempore.','consequatur',6,NULL,'2010-01-28 10:20:35','1991-11-18 06:03:41'),(49,1,59,'Est et veniam unde illo nesciunt voluptate. Qui labore ab officia dicta suscipit asperiores dolorem nemo. Facilis provident accusamus iure eos quisquam ab voluptatem.','rerum',6087,NULL,'1979-04-10 10:15:32','1992-05-01 00:46:23'),(50,2,68,'Commodi non necessitatibus cumque enim. Officia dolores et voluptas rerum laudantium autem dolor. Necessitatibus eligendi tempore fugit sed.','tempora',662038,NULL,'2005-06-20 15:55:07','2006-06-11 22:00:42'),(51,3,20,'Corporis esse provident nihil sint tenetur. In veritatis dicta beatae magni illo. At rem sit maxime qui a suscipit dolores explicabo. Numquam harum et assumenda et id alias aperiam.','omnis',7813,NULL,'2020-02-17 09:28:01','1975-06-17 17:48:28'),(52,4,73,'Id veniam ipsa earum molestiae. Optio et id ab ratione. Alias officia fuga tempore dolor praesentium. Recusandae corporis in neque eum.','eos',0,NULL,'2008-02-29 15:38:13','2016-05-21 06:01:13'),(53,1,82,'Nihil eum doloribus quo molestias. Corporis magnam omnis voluptatum debitis eius aspernatur magnam voluptatibus. Voluptatem dolorum eveniet et itaque natus. Non perferendis distinctio voluptatem ipsam.','veritatis',0,NULL,'2013-07-12 21:05:59','1988-05-14 09:49:22'),(54,2,23,'Fugit tenetur commodi explicabo. Voluptatum laborum placeat ea autem accusamus itaque aliquid. Alias aliquam dolorem deserunt sit amet quia est placeat.','sunt',599877817,NULL,'1994-05-24 15:03:44','1986-05-07 07:16:21'),(55,3,43,'Placeat accusamus suscipit id sint. Repellat debitis voluptatem pariatur voluptatum magni iure saepe. Tempore saepe ipsa qui laudantium enim iste. Deserunt hic laboriosam veritatis voluptas aliquid est qui fugit. Molestiae cumque nisi qui et maxime odit.','doloremque',874249,NULL,'1990-05-16 02:36:40','2018-06-14 01:32:08'),(56,4,80,'Dolorem aut id dolores labore. Molestiae consequatur alias accusantium rerum ea veniam. Autem quia minima rem quaerat.','laborum',0,NULL,'1990-09-27 04:20:26','2002-09-11 05:16:07'),(57,1,76,'Non omnis id repellendus ducimus. Consequatur ea iure recusandae quisquam et provident aliquam. Doloremque accusantium rerum accusamus tempora repudiandae. Eum natus qui quae saepe est excepturi deleniti.','ullam',9,NULL,'1971-06-07 07:23:56','1992-02-19 09:00:37'),(58,2,94,'Voluptatum soluta nulla animi consequatur inventore dolorem libero. Consequatur non dolor temporibus qui placeat.','necessitatibus',410,NULL,'1979-01-14 01:43:18','1976-11-18 03:56:15'),(59,3,11,'Blanditiis nostrum vitae iusto cumque et. Et porro optio qui eligendi amet. Omnis quasi et vero. Repellendus ea eveniet deserunt amet saepe debitis.','et',943,NULL,'1991-05-21 06:03:07','1987-01-22 12:22:15'),(60,4,38,'Nesciunt id ea et ut in itaque neque. Natus consequatur incidunt laudantium et voluptas. Debitis incidunt quisquam blanditiis cupiditate et libero dolor. Quisquam non et illo reiciendis.','quia',8674998,NULL,'2002-07-20 13:24:36','2003-07-16 01:53:52'),(61,1,2,'Et ipsum et porro occaecati nihil. Consequuntur sapiente sed officiis beatae modi sint repellat. Vitae dolorum quis vitae culpa blanditiis. Animi ex quis minus laudantium dolor architecto provident.','et',46361,NULL,'1994-02-28 13:20:31','2006-06-30 10:57:23'),(62,2,28,'Ut in veritatis expedita ut dolor et beatae. Repellat omnis quas quidem velit doloribus. Tempore eveniet qui earum et a.','nihil',0,NULL,'2007-05-03 10:35:43','2002-03-07 16:37:02'),(63,3,42,'Asperiores reprehenderit qui et occaecati corrupti iure est. Culpa cumque distinctio accusamus nihil et. Delectus voluptatem mollitia quia laudantium amet quia.','illum',32155,NULL,'2007-10-03 20:54:00','2001-03-27 12:14:08'),(64,4,79,'Expedita ut commodi placeat fugiat omnis eum. Deleniti error numquam dolores ut in non ullam. Voluptas ipsum provident illum autem dignissimos. Fugit voluptates numquam aut doloribus.','aut',0,NULL,'1988-10-28 09:59:08','1981-04-28 02:40:12'),(65,1,30,'Eum officiis omnis eveniet quia. Cum quam exercitationem voluptas sit accusantium minus quod quisquam. Et voluptate fugit velit. Placeat necessitatibus et libero optio repellendus quidem.','doloribus',129934412,NULL,'1998-04-22 10:18:27','1987-07-12 00:28:09'),(66,2,52,'Neque nisi assumenda ex quidem. Quidem aut esse voluptas vel itaque beatae iste. Nihil quam veniam dolore fuga nihil aut error. Facere aut quis aperiam amet voluptate ratione quaerat aut.','consequuntur',0,NULL,'1986-07-04 10:17:08','1992-05-17 00:15:01'),(67,3,97,'Corrupti excepturi officiis enim atque sit. Nostrum debitis fugit accusantium ut qui facere. Voluptate officia corporis accusantium veritatis.','quas',76942709,NULL,'2017-10-26 13:09:10','1998-04-23 14:17:33'),(68,4,11,'Accusantium distinctio rem et animi eum. Dolore hic similique voluptatem nobis. Sed sit est reprehenderit commodi. A recusandae esse quasi vel. Repellendus rem velit repudiandae cupiditate non.','doloremque',9303,NULL,'1987-02-24 00:45:01','1998-08-31 05:30:54'),(69,1,79,'Deserunt provident quo nesciunt consequatur. Nemo autem tenetur vel blanditiis quisquam. Quisquam ut incidunt esse est et. Consequatur mollitia sapiente atque velit voluptas. Ut id quia mollitia.','nihil',0,NULL,'1976-12-14 15:43:11','2014-08-30 09:39:59'),(70,2,62,'Vel officiis dignissimos rerum ut consequatur explicabo. Ab praesentium nemo voluptatem et. Doloremque perspiciatis dolore minus nam. Ut aspernatur occaecati autem itaque eligendi architecto placeat.','nemo',44132,NULL,'1980-02-04 20:57:54','2011-07-23 04:26:05'),(71,3,5,'Sed similique rerum omnis facilis aspernatur facilis nisi. Eveniet optio voluptates aut enim reiciendis.','at',72386,NULL,'1982-03-20 14:24:44','2021-09-21 00:49:58'),(72,4,98,'Et eligendi ad id enim. Molestiae iste expedita molestiae quo. Laborum beatae voluptatem et aliquam.','perspiciatis',861,NULL,'1974-06-11 00:09:30','2018-06-27 09:27:37'),(73,1,32,'Est magnam aut qui minima. Libero rem aut et. Dicta harum quia quidem ab laborum culpa aliquam. Id quibusdam vero temporibus ut sint ad aliquid corrupti.','aliquid',4266,NULL,'1998-08-24 23:53:34','2011-06-23 11:44:37'),(74,2,23,'Repudiandae ut et numquam et. Veniam voluptatum non optio provident quos delectus mollitia. Eum maxime omnis voluptatem harum.','earum',42517808,NULL,'1980-04-19 05:14:36','2006-05-18 22:01:33'),(75,3,39,'Aut et doloremque in sequi ut. Enim suscipit ut dicta harum voluptatibus sequi sed. Omnis facere veniam similique aut a voluptas non. Delectus perspiciatis exercitationem doloremque ex tempora.','atque',441430,NULL,'1991-05-06 22:26:09','1982-09-24 22:26:43'),(76,4,39,'Sed quia soluta magni dolorum veniam non. Qui molestiae impedit maiores corporis numquam odio. Iste voluptates qui et magnam delectus. Voluptatem neque quo alias. Neque sint earum explicabo omnis veniam inventore non.','soluta',40889,NULL,'1992-07-09 18:54:47','1976-10-17 19:30:56'),(77,1,37,'Velit esse accusamus quidem odit laborum minus. Quo reiciendis quos sed nobis ipsum sit. Mollitia ut quam eligendi eaque voluptatibus.','eligendi',99576115,NULL,'2008-07-11 16:33:54','1979-03-25 19:32:22'),(78,2,56,'Et quis praesentium repellendus repellendus sunt et repudiandae porro. Voluptatibus dolorem deserunt totam quibusdam expedita officia et est. Est sunt ut voluptate expedita quae.','voluptas',0,NULL,'1985-03-15 08:40:51','1978-04-21 16:18:35'),(79,3,72,'Ipsa dolor nulla harum ut ea. Animi in quod fugit beatae quisquam quia suscipit. Dolores dolorem sed repellat fuga laudantium eveniet nihil. Aspernatur accusamus molestiae unde non.','vel',2614178,NULL,'2018-03-18 02:17:42','2002-06-20 14:36:14'),(80,4,95,'Ut nam quis iusto et est. Quis dolores aspernatur earum omnis. Libero quo quia qui minus.','ad',5446517,NULL,'1979-03-01 16:04:47','1972-05-22 19:13:17'),(81,1,23,'Doloremque eius corrupti amet ullam. Et consequuntur laboriosam consequuntur optio facere quae magnam molestiae. Quasi eum nulla corporis atque harum in. Debitis reprehenderit dicta itaque eum fugit tempora.','vel',8,NULL,'1971-04-14 01:40:03','1997-12-19 20:19:18'),(82,2,92,'Et ullam facere quae quidem quas. Qui nulla natus aut et nihil doloremque. Error aspernatur in nisi et animi et. Adipisci ut enim animi qui qui aut.','itaque',86832405,NULL,'2020-03-31 02:15:47','2012-11-07 04:19:54'),(83,3,67,'In tempora quaerat est sunt vel similique id. Hic dolor nam laborum et vitae. Atque hic iure delectus quidem debitis error ea veniam. Architecto aut ut unde quo voluptas.','eligendi',4776464,NULL,'1988-10-26 15:57:42','2006-10-23 23:05:01'),(84,4,4,'Doloribus rerum et sint inventore aperiam ea dolorum porro. Molestiae et est dolores ipsam ut. Et nobis quia non officia vel eligendi consequuntur perspiciatis.','ullam',60,NULL,'1998-03-29 19:28:10','2006-11-28 04:49:26'),(85,1,14,'Eaque exercitationem fugit similique est. Molestiae et voluptatem vel perspiciatis possimus qui. Officia voluptas ut dignissimos similique.','asperiores',47666140,NULL,'1992-06-19 07:58:44','1985-11-22 05:02:41'),(86,2,10,'Aperiam facilis iusto veritatis voluptates deserunt odio. In consequuntur illum accusantium cum. Amet id laborum recusandae veritatis. Porro vitae cupiditate quia voluptatem. Et reprehenderit et nihil.','voluptas',322544489,NULL,'2010-10-01 10:05:25','2011-03-11 12:38:43'),(87,3,84,'Saepe quaerat deserunt natus at similique quas. Nobis culpa nihil maxime itaque neque similique. Rem et tempora et quia. Molestiae dolor quod tempore. Earum fugiat eum aut placeat impedit ut dignissimos.','dolor',2,NULL,'2005-11-12 04:38:51','2011-10-22 21:06:58'),(88,4,90,'Aliquid ratione recusandae consequatur id. Distinctio ea laboriosam rem corrupti libero. Explicabo nihil illo nobis. Eum illum eaque laborum earum voluptatem occaecati quia.','et',639,NULL,'2011-05-15 11:02:20','1974-09-20 23:08:18'),(89,1,4,'Consequatur itaque qui perferendis fuga. Et ipsa sed molestias possimus. Sunt distinctio laborum impedit qui aut pariatur eum. Odit dolore ratione excepturi.','eum',70412,NULL,'2017-12-20 02:24:54','2008-08-10 01:34:17'),(90,2,94,'Cum amet nam blanditiis repellat fuga. Eos et voluptatem veritatis harum quo praesentium et. Ad aut molestiae quas aut itaque nihil quam. Nam doloremque tempora earum ad autem.','facilis',35059,NULL,'1975-03-15 20:26:01','1989-04-20 20:02:11'),(91,3,28,'Est velit optio expedita ad. Et et et voluptas temporibus ut odit soluta earum. Reprehenderit maiores qui eius facere vel voluptates.','laudantium',6555925,NULL,'1983-11-25 06:49:21','1984-08-21 03:40:40'),(92,4,6,'Corporis saepe dolor ea doloremque. Ut magnam in quia atque porro fugiat quis nam. Dolor minima perferendis rerum qui qui et. Sit sunt quaerat commodi praesentium.','est',3610956,NULL,'1987-01-12 08:30:14','1972-09-04 02:56:22'),(93,1,22,'Eos sed labore harum rem eaque. Ratione alias assumenda ipsum. Eos culpa et dolores molestiae cumque in quasi et. Hic repellendus qui ut.','nam',8406640,NULL,'2020-05-08 14:03:44','1989-10-31 02:47:12'),(94,2,70,'Quisquam necessitatibus nam recusandae. Ipsam fugit atque consequatur nulla quo voluptatem. Harum impedit velit veritatis. Amet magnam ullam debitis et.','rerum',9,NULL,'1997-11-02 05:13:00','2008-12-19 00:23:56'),(95,3,84,'Similique laboriosam ab at. Est tenetur iste repudiandae nemo est et. Est ea voluptatibus velit provident qui quia illum non. Deserunt rerum vel tempora neque.','ratione',59103,NULL,'1982-04-09 15:53:52','2007-09-19 21:40:50'),(96,4,52,'Ut modi quos est. Dignissimos similique quidem odio ipsam. Tempore itaque incidunt ducimus. Eum fugiat non ut error.','repellat',4,NULL,'1970-04-10 04:07:27','2021-01-22 13:11:48'),(97,1,21,'Optio veniam et inventore repellat nam. Dolor quis voluptas iste suscipit. Labore impedit facere debitis iste culpa sunt.','consectetur',0,NULL,'1970-01-17 00:27:07','2012-06-28 06:02:31'),(98,2,81,'Molestiae et maxime quam eveniet. Ut est facere repudiandae ut sequi. Soluta et cupiditate quia quia dolorem. Quam facere ad possimus debitis.','possimus',82464938,NULL,'2002-01-18 22:41:54','1987-10-10 17:15:28'),(99,3,62,'Pariatur iusto necessitatibus quisquam et nisi alias commodi. Libero vel dignissimos et sed quibusdam. Et quibusdam et ea vel ipsum assumenda consequuntur nemo. Occaecati maxime qui nulla sunt.','ratione',75,NULL,'2021-03-29 11:39:30','1998-06-24 12:10:29'),(100,4,100,'Qui quidem ut dicta. Velit debitis molestiae sit reiciendis nesciunt quia ab corrupti. Et sunt ut placeat nulla. Vel in aut commodi quia repellat possimus.','blanditiis',8,NULL,'1998-08-01 16:35:12','2012-04-27 01:49:57');
/*!40000 ALTER TABLE `media` ENABLE KEYS */;
UNLOCK TABLES;

--
-- Table structure for table `media_types`
--

DROP TABLE IF EXISTS `media_types`;
/*!40101 SET @saved_cs_client     = @@character_set_client */;
/*!40101 SET character_set_client = utf8 */;
CREATE TABLE `media_types` (
  `id` bigint(20) unsigned NOT NULL AUTO_INCREMENT,
  `name` varchar(255) COLLATE utf8mb4_unicode_ci DEFAULT NULL,
  `created_at` datetime DEFAULT current_timestamp(),
  `updated_at` datetime DEFAULT current_timestamp() ON UPDATE current_timestamp(),
  PRIMARY KEY (`id`)
) ENGINE=InnoDB AUTO_INCREMENT=5 DEFAULT CHARSET=utf8mb4 COLLATE=utf8mb4_unicode_ci;
/*!40101 SET character_set_client = @saved_cs_client */;

--
-- Dumping data for table `media_types`
--

LOCK TABLES `media_types` WRITE;
/*!40000 ALTER TABLE `media_types` DISABLE KEYS */;
INSERT INTO `media_types` VALUES (1,'sit','2002-02-19 11:28:27','1992-12-17 20:13:28'),(2,'repellendus','1994-06-29 15:43:08','2017-01-21 15:43:49'),(3,'ipsum','1994-08-09 11:47:16','1970-11-10 14:19:55'),(4,'et','1988-01-21 16:33:26','1996-05-14 19:18:47');
/*!40000 ALTER TABLE `media_types` ENABLE KEYS */;
UNLOCK TABLES;

--
-- Table structure for table `messages`
--

DROP TABLE IF EXISTS `messages`;
/*!40101 SET @saved_cs_client     = @@character_set_client */;
/*!40101 SET character_set_client = utf8 */;
CREATE TABLE `messages` (
  `id` bigint(20) unsigned NOT NULL AUTO_INCREMENT,
  `from_user_id` bigint(20) unsigned NOT NULL,
  `to_user_id` bigint(20) unsigned NOT NULL,
  `body` text COLLATE utf8mb4_unicode_ci DEFAULT NULL,
  `created_at` datetime DEFAULT current_timestamp(),
  PRIMARY KEY (`id`),
  KEY `from_user_id` (`from_user_id`),
  KEY `to_user_id` (`to_user_id`),
  CONSTRAINT `messages_ibfk_1` FOREIGN KEY (`from_user_id`) REFERENCES `users` (`id`) ON DELETE CASCADE ON UPDATE CASCADE,
  CONSTRAINT `messages_ibfk_2` FOREIGN KEY (`to_user_id`) REFERENCES `users` (`id`) ON DELETE CASCADE ON UPDATE CASCADE
) ENGINE=InnoDB AUTO_INCREMENT=101 DEFAULT CHARSET=utf8mb4 COLLATE=utf8mb4_unicode_ci;
/*!40101 SET character_set_client = @saved_cs_client */;

--
-- Dumping data for table `messages`
--

LOCK TABLES `messages` WRITE;
/*!40000 ALTER TABLE `messages` DISABLE KEYS */;
INSERT INTO `messages` VALUES (1,47,96,'Libero amet voluptas aliquam quos. Sequi et quasi enim. Nihil debitis aperiam esse ut necessitatibus officiis alias.','1970-04-17 12:23:19'),(2,85,27,'Dolore saepe aut enim quis voluptatem. Sit consequatur minus sit quis sapiente. Fuga qui aut magni et vel iusto dolor.','2011-02-22 22:51:35'),(3,73,36,'Beatae aperiam reiciendis reprehenderit dolorem sit et. Officia consequatur ab culpa. Non et ipsa omnis dolorem amet accusamus rem quod.','1980-05-16 03:27:57'),(4,20,70,'Repudiandae et itaque nisi eveniet aliquam quos. Iste omnis quo rerum quod. Est eos provident consectetur est atque non. Et iure qui facilis porro.','1975-04-23 06:03:02'),(5,91,85,'Repudiandae optio aut tempora nulla dolores earum. Et hic recusandae beatae aut corrupti. Ipsum fuga id nam incidunt vitae.','2008-01-23 18:40:34'),(6,26,84,'Perspiciatis necessitatibus doloribus ut aut. Ipsum aut voluptate quam sint. Blanditiis quod voluptatum odio voluptas dignissimos.','1984-01-07 03:07:07'),(7,58,13,'Repudiandae eos provident non quasi deleniti maiores. Labore aut eos voluptas laudantium et. Fuga doloremque est sit et voluptatibus nihil.','1988-12-10 09:24:49'),(8,4,21,'Fuga fugit alias eius provident. Nam beatae alias fuga non odit ut ab. Tempora natus non voluptatem temporibus omnis.','1974-02-10 01:49:15'),(9,78,97,'Molestiae commodi consequatur qui a. Quam mollitia sit sit eveniet. Fuga natus earum fuga.','1995-10-13 04:41:32'),(10,81,3,'Debitis non natus dignissimos fuga nobis et. Alias numquam dolore sit et et qui commodi. Possimus cumque ducimus ea. Quod nihil architecto voluptas accusantium non corrupti ducimus illum. Dignissimos modi nostrum nesciunt excepturi quis quis quam.','2020-07-10 03:04:26'),(11,3,11,'Ut iste incidunt aspernatur quas eligendi. Veniam expedita quasi quia eos est qui. Quia ea repellendus ut unde veritatis ducimus aut. Et maxime qui ipsam maxime earum optio.','2011-01-14 20:10:09'),(12,57,49,'Fuga quia vitae nihil ab sint ea et tenetur. Magnam debitis accusantium quis beatae modi placeat sint. Architecto totam dignissimos nostrum sunt consequuntur temporibus.','1980-02-10 23:02:10'),(13,66,57,'Consequatur unde asperiores eos animi. Ab nam ut omnis optio eligendi. Eaque vitae deserunt quidem autem consequatur ut necessitatibus vero. Aliquam dolor qui unde id.','2008-03-18 08:04:41'),(14,1,84,'Aspernatur et inventore aliquid soluta placeat soluta ipsa. Atque blanditiis aliquid laudantium asperiores sunt. Repudiandae et eos ut molestias maiores a molestias quos.','1976-11-19 15:23:12'),(15,2,87,'Necessitatibus autem velit assumenda eum nam fugiat debitis. Impedit quidem ut vel dolore fuga. Eaque ut deleniti rerum beatae omnis sed. Dignissimos placeat reiciendis rerum.','1974-03-27 11:50:12'),(16,89,49,'Enim ratione quis voluptatibus ipsa ut atque nisi. A est quis porro repudiandae. Ipsa rem ipsa numquam et. Ut dolore consequatur est deleniti. Aspernatur omnis aperiam vero velit et accusantium quo.','1995-10-24 17:24:51'),(17,82,73,'Voluptatem veniam ullam ab amet veniam magni nihil. Doloribus molestiae tempora rerum non ipsam omnis. Nemo sed odio ea repudiandae neque repudiandae eum aut. Fuga eaque accusantium iure iure.','2001-01-12 02:54:49'),(18,76,55,'Tenetur quia soluta praesentium vel aspernatur deserunt. Necessitatibus rerum soluta dolores nostrum qui. Harum doloribus blanditiis velit enim vel eveniet et.','1997-06-30 13:10:21'),(19,8,96,'Harum exercitationem placeat nulla minus voluptas. Provident vel ex sunt sunt sint voluptas. Sed blanditiis similique corrupti eum velit assumenda. Eveniet perferendis blanditiis neque. Accusantium et quis id amet.','1994-09-28 02:43:42'),(20,25,99,'Magni veniam possimus non ipsam molestiae facere tempora debitis. Soluta tempora facere expedita voluptate. Sit rem enim earum et ex.','1982-03-28 23:39:46'),(21,81,51,'Cum sit aut vel ut blanditiis sint. Quas hic necessitatibus pariatur tempora. Explicabo fuga accusamus dignissimos cum illum porro.','2008-07-17 13:33:25'),(22,82,38,'Quam aut quibusdam nemo nam quae facere officia. Dolorem nihil voluptatem facilis et ducimus consequatur necessitatibus earum. Rem animi et iste suscipit eius nisi eos et.','1983-03-06 03:13:07'),(23,63,86,'Cupiditate temporibus laboriosam quaerat et ut. Aut qui id ut explicabo aut aliquam vel. Iure beatae nemo maxime itaque dolorem consequuntur voluptatem. Eum ut tempora sapiente hic est accusamus. Ullam qui sequi labore voluptatibus exercitationem.','1997-03-15 06:09:09'),(24,59,41,'Id laborum est fugiat consequatur minus voluptatibus illum. Possimus sed esse labore. Earum beatae beatae aut vel. Natus voluptatibus delectus ut perspiciatis blanditiis totam ut veritatis.','2018-03-02 13:29:12'),(25,83,39,'Necessitatibus possimus voluptatibus fugit necessitatibus voluptatum sunt laboriosam dolores. Ipsa vero et impedit similique et nihil. Fugit corporis qui animi et.','1979-02-07 16:29:11'),(26,43,85,'Dolores tenetur non optio est dolore suscipit. Numquam a harum aliquam itaque suscipit reprehenderit a. Similique inventore reiciendis dicta. Eius ut quasi quam optio error.','1977-10-23 18:48:06'),(27,50,99,'Adipisci ducimus molestiae maiores corporis quas quas a. Vitae nihil exercitationem itaque accusantium tempora eum rem mollitia. Eveniet voluptatum quia atque et. Quia laborum possimus eius consequatur.','1994-05-14 06:08:53'),(28,34,15,'Culpa harum mollitia et voluptatem ut voluptatem. Distinctio eius at unde quia enim sunt. Repudiandae amet officiis autem consequatur saepe voluptas.','2005-05-15 04:54:29'),(29,56,35,'Qui eos voluptas doloremque consequatur nostrum. Est quia placeat numquam ipsa rerum cum. Quia quos aut consequuntur et.','1991-12-30 19:20:26'),(30,99,57,'Voluptas recusandae voluptas et quibusdam possimus commodi amet. Enim rerum ex minus quasi corrupti. Molestias nulla recusandae dolorem voluptate. Error aliquam voluptas reprehenderit quasi.','2009-06-29 19:19:28'),(31,21,87,'Maiores corporis ipsam ut recusandae quas. Quidem voluptatem voluptate voluptas maxime exercitationem. Autem in eius iusto quasi eligendi vero.','2010-05-25 05:11:49'),(32,6,3,'Temporibus et quod fugit ab consectetur ut. Ipsa rerum sit fugit enim doloremque quia possimus. Corporis deserunt in earum velit rerum quo illo. Tempore ut culpa dolore alias autem vitae accusamus.','1975-12-05 14:22:08'),(33,60,82,'Architecto rerum mollitia qui odit autem qui eum. In accusantium aspernatur deleniti voluptatem. Incidunt est eius voluptatem et et in. Ab maxime et ut labore repudiandae omnis possimus.','2005-11-18 21:02:59'),(34,58,68,'Minima error ut ullam nulla. Dolore quod eius sed error sit quas est porro. Voluptatem iure necessitatibus aspernatur nam ipsum accusamus. Officiis officia itaque doloremque vero et quidem iure.','1973-02-08 18:33:05'),(35,77,82,'Dolores quasi maxime commodi sit. Aut assumenda aspernatur quae quidem necessitatibus ea iure. Cumque quae quisquam esse non eum. Pariatur cupiditate ipsum libero dolor expedita reiciendis et minima.','1997-01-19 01:56:56'),(36,66,57,'Dolores quisquam quia expedita. Aut aut ut earum. Voluptatem dolor minus debitis aliquid consequuntur.','1974-04-25 16:01:03'),(37,33,48,'Sapiente earum nemo fuga ipsum vel. Est labore sint temporibus exercitationem. Magnam quia dolores quibusdam. Occaecati facilis repellat magnam optio optio eveniet ea.','2002-10-30 23:17:04'),(38,95,95,'Autem aut alias saepe totam aut earum. Libero error ab possimus illum qui culpa. Eius eum repellendus blanditiis soluta labore id. Cum et a autem sint debitis cumque a. Nostrum qui dolore eligendi soluta ipsum asperiores incidunt.','2014-11-27 00:31:36'),(39,33,53,'Velit magni tempore ratione id error consequatur nulla. Animi dolor explicabo illo ut tenetur repudiandae. Excepturi est aperiam dolorum et voluptas et.','1975-11-07 10:09:34'),(40,35,15,'Eius itaque voluptas vel voluptatem ratione dignissimos. Sunt maiores sed temporibus esse aliquid voluptatem. Et consectetur rerum quibusdam excepturi. Doloremque voluptas voluptatibus ut.','1989-12-26 20:30:46'),(41,92,77,'Voluptatum animi placeat voluptatem labore ut. Et et temporibus eligendi consequatur. Minus quos explicabo cupiditate.','2007-09-12 09:23:39'),(42,100,42,'Enim eius pariatur dolor aspernatur. Praesentium error magni ut et. Ut odit rerum quis.','1973-06-23 12:27:33'),(43,76,34,'Ut repellat aut ut est quibusdam molestiae perferendis. Veniam nam natus aut eos voluptas hic veniam. Saepe modi illum a sint. Et in laudantium quae.','1974-02-14 05:13:11'),(44,57,31,'Quia et sed quisquam id aut accusantium dolores. Quia voluptatibus ducimus quis necessitatibus velit qui vero. Vero molestiae ut facilis debitis ipsam facere. Aut nihil quo est autem maxime.','2001-07-25 06:43:08'),(45,68,55,'Ex sed autem nisi aperiam impedit iure occaecati. Laudantium ut quidem soluta nostrum soluta aut labore. Quis ad eius tempora dignissimos optio quia quod sed. Maiores ea vel voluptatum alias debitis.','2012-11-11 11:52:42'),(46,88,88,'Doloremque culpa vel voluptates recusandae dolores nostrum sed. Necessitatibus at iure atque et eveniet qui. Ipsum molestiae occaecati asperiores sit commodi.','1978-05-18 00:36:48'),(47,42,93,'Doloremque doloribus hic quaerat et earum. Consequatur porro ipsum et voluptatem eveniet. Et quo est commodi consequatur non. Dolorum distinctio molestiae impedit et.','1988-10-28 18:02:34'),(48,91,2,'Omnis nulla non incidunt eius et ducimus quia. Et odio nostrum corporis dolor enim vel autem.','1980-02-24 15:20:07'),(49,74,48,'Omnis exercitationem non id tempora quo deserunt ducimus. Omnis quo ea sit et. Aliquam doloribus autem deleniti error. Blanditiis aut ullam quia sint aut iste pariatur sint.','1997-07-17 07:48:50'),(50,69,51,'At rerum maxime dolores unde totam voluptatibus itaque. Neque et quo et et ipsa magni. Voluptas repellat aliquam provident voluptas. Error debitis assumenda autem pariatur debitis pariatur ut. Eveniet magnam saepe dolores id voluptatum repellat.','1979-03-14 03:16:55'),(51,30,34,'Dolorem autem sed ut aperiam vero. Cupiditate expedita aut modi sint quas error eveniet. Deserunt vel numquam explicabo cumque qui quas unde.','2005-12-18 11:27:14'),(52,8,62,'Non iure quia rerum dolores sed sint. Magni perferendis fugit nisi nisi praesentium alias. Sapiente est eveniet aut aliquid sit ipsam esse. Doloremque numquam numquam eum laborum quisquam.','1987-08-30 00:48:11'),(53,82,2,'Sed similique occaecati laudantium a. Et consequatur labore maiores deserunt incidunt deleniti. Beatae illo magni voluptatem ipsa.','2010-05-24 18:23:11'),(54,57,14,'Ducimus praesentium asperiores minus aliquid esse quasi dolorem. Voluptatem sit repellendus ipsa iusto. Laborum nostrum esse cum praesentium. Quia sit cum laboriosam voluptas.','1997-12-03 10:47:42'),(55,55,91,'Aperiam tempora debitis vel atque. Eum dolores et officiis ut in temporibus quis. Exercitationem inventore animi similique doloremque aut voluptas. Nam esse aut unde rerum.','2018-04-26 15:28:00'),(56,29,47,'A perspiciatis omnis officia corporis qui dolorem sit ducimus. Ut qui sunt ipsam qui consequatur.','1990-05-06 05:08:35'),(57,68,28,'Rerum atque sed et officiis voluptatem laboriosam ducimus. Fuga sit dolorem recusandae voluptates. Inventore eum et et quia doloribus velit vitae. Quaerat ut quisquam totam sit explicabo assumenda.','1982-07-25 13:15:43'),(58,88,43,'Illo facilis nemo nihil eius aut debitis voluptates recusandae. Corrupti consequuntur et quia voluptas reiciendis repellat. Sit eos beatae quae. Dolores qui deleniti inventore qui et est.','1970-03-14 01:40:44'),(59,61,44,'Et necessitatibus autem enim culpa vel sint. Laborum veritatis nam saepe qui. Et dolore nam iure nobis non ut. Magnam vel qui sit exercitationem et.','1999-08-07 01:12:54'),(60,73,28,'Ratione esse autem quasi accusamus quod fugit aut quos. Necessitatibus rerum nemo et consequuntur molestias. Totam et doloribus incidunt ea eligendi neque.','1975-03-11 11:04:46'),(61,99,61,'Pariatur vel blanditiis molestiae ut aliquam. Dolor ut voluptatem et architecto voluptas. Accusantium omnis excepturi aut quod distinctio dignissimos nisi. Repudiandae tempora commodi quod et perspiciatis et laboriosam.','1971-04-01 01:27:33'),(62,16,41,'Aliquid nisi magni aliquam odio iure sint. Quia eveniet aut eum vero animi. Voluptas error quo ratione nisi rerum.','1983-10-23 04:56:34'),(63,53,6,'Autem et illo dolorem corrupti repudiandae. Similique sed et facere non. Voluptatem fugit non corrupti ut quidem. Quos suscipit ipsa impedit architecto autem modi aut.','2022-03-05 20:32:04'),(64,42,27,'Et fuga qui inventore doloremque. Sint id labore rerum aspernatur nobis.','1993-10-17 21:47:32'),(65,54,11,'Et neque asperiores veniam officiis. Ullam nemo maiores saepe quas. Est quaerat tempora quasi consequatur repellat necessitatibus rerum.','1979-11-05 23:49:52'),(66,78,83,'Pariatur dolor consequatur voluptas vitae. Occaecati similique id consequatur commodi similique tenetur quis. Quae tenetur ut sit nulla qui quia impedit. Sequi laboriosam optio necessitatibus repellat quasi dolores.','1975-02-13 09:21:55'),(67,45,85,'Corporis odio tenetur esse reprehenderit recusandae. Omnis ut vel repudiandae magni delectus libero distinctio maiores. Voluptatem reprehenderit qui voluptate dolorum iusto. Dignissimos numquam nihil aut delectus eos aut.','2014-10-18 21:08:55'),(68,44,26,'Saepe non voluptatem dolor et dolorem occaecati minus. Ut dicta eum alias. Eum neque et tempora eligendi. Qui iure corporis quia perspiciatis.','2014-01-25 05:45:40'),(69,87,100,'Hic et quas illum laborum. Veritatis non animi repellat et labore optio ut. Adipisci accusantium quia aperiam at.','2006-05-13 16:11:48'),(70,39,41,'Pariatur iure quia maxime. Praesentium itaque asperiores nulla.','1983-12-29 14:31:26'),(71,91,67,'Harum sunt quasi nobis cumque ipsum omnis. Excepturi error rem ut illum vitae. Qui cumque aperiam laboriosam maxime modi sit pariatur.','1974-09-23 17:56:06'),(72,87,58,'Aut velit aut molestiae qui. Quidem sed pariatur consequatur doloremque velit aspernatur enim. Numquam et ab ut dolor nisi.','1985-11-18 02:05:59'),(73,95,75,'Molestiae tempore ea distinctio ut. Minus incidunt voluptate pariatur fugit quae. Voluptates et harum quisquam iure ducimus libero.','1982-11-06 16:21:37'),(74,1,56,'Exercitationem soluta praesentium qui porro iste tempora rerum. Voluptatum vel sint ratione voluptates in. Nulla nesciunt error sit non.','1974-07-17 10:13:08'),(75,19,74,'Minus dicta id sed voluptas. Eos quis perferendis veniam. Consequuntur vitae tempora eius quis. Incidunt praesentium sunt quidem velit.','1998-09-24 21:03:33'),(76,84,17,'Enim facere aut expedita eaque dolorem est necessitatibus. Aut est reiciendis dolorem repellat ullam. Est debitis natus id. Molestiae eum earum quasi et illum in error.','1975-02-07 15:37:16'),(77,34,99,'Cum eos qui debitis necessitatibus reprehenderit quo ut. Quo explicabo aliquam dicta quaerat et culpa numquam. Ad dolorem corporis voluptates aliquid repellat. Quibusdam fugit voluptas et quis iure doloremque.','1981-03-28 00:25:22'),(78,58,87,'Molestias est cum mollitia qui placeat error. Alias ipsam repellendus omnis fugit et sequi rerum. Nihil quod sunt ut provident ut laboriosam distinctio dolores.','1995-05-19 19:42:33'),(79,5,99,'Culpa quia quod et quisquam dolorem. Veritatis explicabo dolorem quasi nostrum ducimus labore. Corporis odit deserunt sint omnis omnis unde. Possimus odit optio deleniti illo non sunt.','1973-08-21 13:29:25'),(80,13,58,'Provident possimus eos ex est a. Velit itaque temporibus sapiente enim. Numquam at quia ullam maiores iure facilis vel. Possimus quasi ullam voluptatibus aperiam consequatur minus.','1997-11-07 02:13:39'),(81,9,91,'Mollitia molestiae qui nobis sequi. Laudantium suscipit commodi nostrum dolores animi. Aut et aperiam repudiandae laboriosam.','2019-09-22 06:20:48'),(82,40,53,'Eveniet voluptate aperiam nihil vero rerum repellat reiciendis. Facere esse eum soluta quia aut deleniti commodi.','1989-12-05 21:50:15'),(83,75,84,'Minima minima saepe in vel et recusandae et aut. Eligendi in numquam non numquam sequi dolorem.','2017-01-31 17:51:36'),(84,78,61,'Qui rerum accusantium repellat voluptatum. Blanditiis eum et cumque quas est necessitatibus dolor. Magni tempora sint quis expedita esse deserunt vero. Quo quidem sed eum est distinctio.','2006-03-28 13:23:23'),(85,84,17,'Ratione mollitia veritatis facilis quae voluptas in. Eos quis modi esse omnis ab saepe maiores temporibus. Qui reiciendis aut harum. Consequatur autem placeat enim dignissimos consequatur dolor minus.','1993-07-14 18:36:29'),(86,2,75,'Saepe autem dolores sequi dolor. Culpa cum quia sed tempore nulla. Hic debitis et magnam fugit quod corrupti dolores fuga.','2009-04-23 20:14:44'),(87,84,89,'Est minus cum optio commodi laboriosam. Sint in doloribus commodi quam.','2019-06-08 11:08:32'),(88,33,78,'Qui ea ab praesentium ducimus earum exercitationem et dolorem. Quis odit possimus est dolorem. In odit corporis nisi a velit blanditiis.','1998-03-19 06:12:56'),(89,63,33,'Atque deleniti vel eligendi placeat quisquam odit atque delectus. Tenetur earum tempore inventore voluptatem. Sequi amet cumque natus non voluptatem. Nihil enim qui ut culpa nihil hic quam.','2019-12-25 05:22:32'),(90,33,81,'Est fuga atque aut autem architecto. Quia autem eum non eum omnis enim quia. Et rerum quae tempore. Quae corrupti non vero doloribus. Aperiam accusamus distinctio ipsam magni natus corrupti cupiditate.','1986-07-19 18:58:29'),(91,7,17,'Neque vero magnam quis ad non. Facilis iste sunt vel dolor et architecto recusandae. Quidem voluptatum voluptatum consequatur hic vel fuga inventore. Maxime et qui porro corrupti voluptate.','2002-05-26 02:41:30'),(92,98,40,'Rerum at at id veniam facere fugiat qui. At quaerat dignissimos qui quos praesentium. Doloremque ut mollitia eius expedita minima.','1992-01-25 10:18:20'),(93,15,55,'Voluptatem officiis dolorum voluptatibus alias et quam similique. Est aliquid quo a. Corporis fugiat ut minima neque iste necessitatibus.','2014-07-19 03:38:12'),(94,26,20,'Sed dolores rerum qui aut ut esse voluptatum. Mollitia harum excepturi numquam quia autem.','1995-05-25 09:56:24'),(95,53,39,'Numquam perferendis voluptatem ut doloremque inventore quaerat. Excepturi quidem repudiandae fugit doloribus. Sint deserunt unde quis eveniet id qui.','2009-10-04 08:58:07'),(96,77,62,'Aut delectus rerum officia. Dolorem placeat corrupti nemo molestiae. Cum in ut ut fugiat beatae.','2008-02-02 20:14:16'),(97,29,17,'Dolores qui iusto quod eveniet cum dolores. Non in veritatis adipisci eveniet tempore corrupti debitis. Cum tempora et tempore aut officiis consequatur saepe. Quis consectetur voluptas doloremque consequuntur optio incidunt.','1983-08-21 22:07:05'),(98,15,4,'Molestias mollitia illum consectetur error. Sit quidem et distinctio. Esse voluptatum necessitatibus vitae voluptas tempore iusto. Ut non similique in dolorum animi dolor in.','2012-08-04 18:00:11'),(99,1,93,'Ea nemo iusto reiciendis dolor a quia rem. Aut corporis aperiam ab et voluptas qui est. Quidem occaecati dicta optio enim fugit.','2015-03-05 13:44:13'),(100,64,85,'Voluptatem amet asperiores odio quas voluptas in et ea. Et provident asperiores alias excepturi reprehenderit. Esse qui quia veniam quos iste dolorem aut repudiandae. Voluptatem praesentium ut quidem numquam. Nulla illum sed architecto.','1972-05-23 00:21:14');
/*!40000 ALTER TABLE `messages` ENABLE KEYS */;
UNLOCK TABLES;

--
-- Table structure for table `photo_albums`
--

DROP TABLE IF EXISTS `photo_albums`;
/*!40101 SET @saved_cs_client     = @@character_set_client */;
/*!40101 SET character_set_client = utf8 */;
CREATE TABLE `photo_albums` (
  `id` bigint(20) unsigned NOT NULL AUTO_INCREMENT,
  `name` varchar(255) COLLATE utf8mb4_unicode_ci DEFAULT NULL,
  `user_id` bigint(20) unsigned DEFAULT NULL,
  PRIMARY KEY (`id`),
  UNIQUE KEY `id` (`id`),
  KEY `user_id` (`user_id`),
  CONSTRAINT `photo_albums_ibfk_1` FOREIGN KEY (`user_id`) REFERENCES `users` (`id`) ON DELETE SET NULL ON UPDATE CASCADE
) ENGINE=InnoDB AUTO_INCREMENT=101 DEFAULT CHARSET=utf8mb4 COLLATE=utf8mb4_unicode_ci;
/*!40101 SET character_set_client = @saved_cs_client */;

--
-- Dumping data for table `photo_albums`
--

LOCK TABLES `photo_albums` WRITE;
/*!40000 ALTER TABLE `photo_albums` DISABLE KEYS */;
INSERT INTO `photo_albums` VALUES (1,'repellat',54),(2,'est',87),(3,'quia',71),(4,'sunt',64),(5,'pariatur',48),(6,'porro',5),(7,'laboriosam',36),(8,'iste',34),(9,'ut',68),(10,'quis',58),(11,'explicabo',6),(12,'eos',67),(13,'corporis',88),(14,'ipsam',85),(15,'expedita',34),(16,'eos',34),(17,'illum',44),(18,'voluptas',63),(19,'provident',88),(20,'maxime',66),(21,'rerum',89),(22,'facere',62),(23,'temporibus',10),(24,'provident',74),(25,'omnis',12),(26,'et',6),(27,'voluptatum',76),(28,'dolorem',73),(29,'suscipit',49),(30,'qui',47),(31,'ea',77),(32,'doloribus',3),(33,'illum',33),(34,'quasi',47),(35,'occaecati',66),(36,'labore',80),(37,'debitis',52),(38,'consectetur',1),(39,'est',14),(40,'nemo',20),(41,'sed',58),(42,'quis',20),(43,'earum',86),(44,'et',46),(45,'reprehenderit',4),(46,'ut',19),(47,'deleniti',80),(48,'tempore',48),(49,'voluptatem',82),(50,'ullam',67),(51,'aut',13),(52,'aut',70),(53,'officiis',29),(54,'sit',22),(55,'sapiente',44),(56,'ab',40),(57,'odit',28),(58,'sed',19),(59,'deleniti',13),(60,'quam',76),(61,'ipsam',66),(62,'dolore',89),(63,'omnis',78),(64,'atque',99),(65,'occaecati',36),(66,'laudantium',44),(67,'similique',79),(68,'doloribus',88),(69,'vel',45),(70,'expedita',92),(71,'quas',7),(72,'eaque',3),(73,'ut',11),(74,'deleniti',92),(75,'enim',49),(76,'saepe',15),(77,'iure',11),(78,'ducimus',28),(79,'aut',62),(80,'dicta',93),(81,'neque',94),(82,'ex',75),(83,'debitis',63),(84,'eligendi',22),(85,'facilis',96),(86,'eaque',6),(87,'quasi',62),(88,'quis',24),(89,'numquam',24),(90,'at',74),(91,'velit',99),(92,'rerum',90),(93,'id',63),(94,'dignissimos',77),(95,'sunt',88),(96,'nisi',99),(97,'molestiae',20),(98,'sit',66),(99,'et',86),(100,'dolores',65);
/*!40000 ALTER TABLE `photo_albums` ENABLE KEYS */;
UNLOCK TABLES;

--
-- Table structure for table `photos`
--

DROP TABLE IF EXISTS `photos`;
/*!40101 SET @saved_cs_client     = @@character_set_client */;
/*!40101 SET character_set_client = utf8 */;
CREATE TABLE `photos` (
  `id` bigint(20) unsigned NOT NULL AUTO_INCREMENT,
  `album_id` bigint(20) unsigned NOT NULL,
  `media_id` bigint(20) unsigned NOT NULL,
  PRIMARY KEY (`id`),
  KEY `album_id` (`album_id`),
  KEY `media_id` (`media_id`),
  CONSTRAINT `photos_ibfk_1` FOREIGN KEY (`album_id`) REFERENCES `photo_albums` (`id`) ON DELETE CASCADE ON UPDATE CASCADE,
  CONSTRAINT `photos_ibfk_2` FOREIGN KEY (`media_id`) REFERENCES `media` (`id`) ON DELETE CASCADE ON UPDATE CASCADE
) ENGINE=InnoDB AUTO_INCREMENT=101 DEFAULT CHARSET=utf8mb4 COLLATE=utf8mb4_unicode_ci;
/*!40101 SET character_set_client = @saved_cs_client */;

--
-- Dumping data for table `photos`
--

LOCK TABLES `photos` WRITE;
/*!40000 ALTER TABLE `photos` DISABLE KEYS */;
INSERT INTO `photos` VALUES (1,1,1),(2,2,2),(3,3,3),(4,4,4),(5,5,5),(6,6,6),(7,7,7),(8,8,8),(9,9,9),(10,10,10),(11,11,11),(12,12,12),(13,13,13),(14,14,14),(15,15,15),(16,16,16),(17,17,17),(18,18,18),(19,19,19),(20,20,20),(21,21,21),(22,22,22),(23,23,23),(24,24,24),(25,25,25),(26,26,26),(27,27,27),(28,28,28),(29,29,29),(30,30,30),(31,31,31),(32,32,32),(33,33,33),(34,34,34),(35,35,35),(36,36,36),(37,37,37),(38,38,38),(39,39,39),(40,40,40),(41,41,41),(42,42,42),(43,43,43),(44,44,44),(45,45,45),(46,46,46),(47,47,47),(48,48,48),(49,49,49),(50,50,50),(51,51,51),(52,52,52),(53,53,53),(54,54,54),(55,55,55),(56,56,56),(57,57,57),(58,58,58),(59,59,59),(60,60,60),(61,61,61),(62,62,62),(63,63,63),(64,64,64),(65,65,65),(66,66,66),(67,67,67),(68,68,68),(69,69,69),(70,70,70),(71,71,71),(72,72,72),(73,73,73),(74,74,74),(75,75,75),(76,76,76),(77,77,77),(78,78,78),(79,79,79),(80,80,80),(81,81,81),(82,82,82),(83,83,83),(84,84,84),(85,85,85),(86,86,86),(87,87,87),(88,88,88),(89,89,89),(90,90,90),(91,91,91),(92,92,92),(93,93,93),(94,94,94),(95,95,95),(96,96,96),(97,97,97),(98,98,98),(99,99,99),(100,100,100);
/*!40000 ALTER TABLE `photos` ENABLE KEYS */;
UNLOCK TABLES;

--
-- Table structure for table `profiles`
--

DROP TABLE IF EXISTS `profiles`;
/*!40101 SET @saved_cs_client     = @@character_set_client */;
/*!40101 SET character_set_client = utf8 */;
CREATE TABLE `profiles` (
  `user_id` bigint(20) unsigned NOT NULL AUTO_INCREMENT,
  `gender` char(1) COLLATE utf8mb4_unicode_ci DEFAULT NULL,
  `birthday` date DEFAULT NULL,
  `photo_id` bigint(20) unsigned DEFAULT NULL,
  `created_at` datetime DEFAULT current_timestamp(),
  `hometown` varchar(100) COLLATE utf8mb4_unicode_ci DEFAULT NULL,
  PRIMARY KEY (`user_id`),
  KEY `fk_photo_id` (`photo_id`),
  CONSTRAINT `fk_photo_id` FOREIGN KEY (`photo_id`) REFERENCES `photos` (`id`) ON DELETE SET NULL ON UPDATE CASCADE,
  CONSTRAINT `fk_user_id` FOREIGN KEY (`user_id`) REFERENCES `users` (`id`) ON DELETE CASCADE ON UPDATE CASCADE
) ENGINE=InnoDB AUTO_INCREMENT=101 DEFAULT CHARSET=utf8mb4 COLLATE=utf8mb4_unicode_ci;
/*!40101 SET character_set_client = @saved_cs_client */;

--
-- Dumping data for table `profiles`
--

LOCK TABLES `profiles` WRITE;
/*!40000 ALTER TABLE `profiles` DISABLE KEYS */;
INSERT INTO `profiles` VALUES (1,'m','2014-03-26',1,'1997-10-24 21:07:00',NULL),(2,'m','2006-11-11',2,'2017-02-15 06:13:06',NULL),(3,'f','1999-10-30',3,'1981-06-28 01:54:47',NULL),(4,'m','1972-08-02',4,'2019-06-11 17:21:15',NULL),(5,'m','1999-12-07',5,'2018-01-24 20:38:18',NULL),(6,'f','1998-12-13',6,'1978-06-23 22:51:53',NULL),(7,'f','2005-10-18',7,'2004-07-09 17:51:19',NULL),(8,'f','2020-09-18',8,'2012-02-16 22:16:48',NULL),(9,'m','2017-04-07',9,'2021-03-02 04:47:36',NULL),(10,'m','2001-02-12',10,'1998-11-30 08:04:41',NULL),(11,'f','2017-05-25',11,'1990-02-14 20:57:34',NULL),(12,'f','1982-12-10',12,'2021-08-15 20:54:02',NULL),(13,'f','2003-08-01',13,'2011-07-29 03:16:58',NULL),(14,'f','1983-06-01',14,'1975-03-25 10:33:14',NULL),(15,'f','2002-08-17',15,'2012-11-11 08:39:03',NULL),(16,'f','2014-09-20',16,'1972-03-07 23:14:01',NULL),(17,'m','2019-03-11',17,'1970-11-04 01:35:08',NULL),(18,'f','1992-07-20',18,'2014-05-04 15:01:30',NULL),(19,'f','2000-10-05',19,'2006-04-09 02:19:15',NULL),(20,'f','1990-08-17',20,'1999-04-16 16:15:22',NULL),(21,'m','2012-12-28',21,'2021-09-11 08:24:57',NULL),(22,'m','1988-12-09',22,'1984-09-02 11:23:34',NULL),(23,'f','2020-10-17',23,'1988-08-12 17:50:21',NULL),(24,'f','1980-05-06',24,'2001-12-19 17:00:39',NULL),(25,'f','1974-12-19',25,'1998-09-29 09:33:15',NULL),(26,'m','2004-06-07',26,'1985-03-12 20:17:53',NULL),(27,'m','2017-04-17',27,'1998-07-28 06:07:31',NULL),(28,'m','1989-03-08',28,'1982-01-07 23:34:36',NULL),(29,'f','1990-08-08',29,'2009-04-02 13:14:08',NULL),(30,'m','1981-08-26',30,'2004-12-14 23:52:06',NULL),(31,'m','1986-01-23',31,'1994-01-23 20:15:24',NULL),(32,'m','1995-05-30',32,'2020-03-20 20:19:20',NULL),(33,'m','2000-08-11',33,'2003-04-11 13:42:51',NULL),(34,'f','2012-02-02',34,'2010-05-10 00:20:16',NULL),(35,'f','1989-07-02',35,'1990-02-02 17:47:28',NULL),(36,'m','1995-03-21',36,'1982-06-17 15:05:05',NULL),(37,'f','1984-08-07',37,'2005-09-21 03:48:02',NULL),(38,'f','2010-06-20',38,'1998-04-19 09:05:14',NULL),(39,'m','1986-12-12',39,'2001-02-03 18:44:16',NULL),(40,'f','1999-09-07',40,'2001-10-10 08:42:10',NULL),(41,'f','1980-06-01',41,'2000-10-20 21:50:11',NULL),(42,'f','1978-11-17',42,'2006-03-01 18:11:26',NULL),(43,'f','1983-02-08',43,'1990-12-30 05:01:02',NULL),(44,'m','1983-02-24',44,'1998-07-31 00:31:27',NULL),(45,'m','1984-02-25',45,'2005-03-28 00:07:09',NULL),(46,'m','1988-11-07',46,'1975-06-21 10:02:41',NULL),(47,'m','1979-08-26',47,'1991-09-19 15:21:52',NULL),(48,'m','1977-10-15',48,'2008-11-04 14:17:56',NULL),(49,'m','1987-03-11',49,'2016-03-16 12:00:44',NULL),(50,'f','1982-06-03',50,'2017-05-18 15:26:40',NULL),(51,'f','1997-05-18',51,'2015-12-06 22:27:14',NULL),(52,'m','1982-01-30',52,'1992-06-20 21:53:16',NULL),(53,'m','1992-03-07',53,'1975-02-17 19:22:48',NULL),(54,'m','1997-09-20',54,'1979-09-07 08:18:24',NULL),(55,'m','2012-11-20',55,'1999-06-07 08:40:08',NULL),(56,'m','2013-04-03',56,'1981-05-08 16:48:43',NULL),(57,'m','1994-02-21',57,'1995-09-19 00:47:54',NULL),(58,'m','1977-01-08',58,'2012-10-16 07:51:44',NULL),(59,'f','1994-12-24',59,'1970-09-18 18:17:15',NULL),(60,'f','2020-02-07',60,'1971-08-10 06:04:38',NULL),(61,'m','2008-09-17',61,'1972-10-10 13:24:53',NULL),(62,'f','1988-12-27',62,'2000-10-31 03:13:58',NULL),(63,'m','1996-12-29',63,'2003-04-20 18:14:53',NULL),(64,'m','2002-09-14',64,'1990-04-15 13:53:22',NULL),(65,'m','1978-05-31',65,'1979-11-19 20:48:28',NULL),(66,'f','2019-03-19',66,'2015-11-07 20:48:29',NULL),(67,'f','2017-01-01',67,'1992-01-06 12:20:18',NULL),(68,'m','1987-05-30',68,'1994-04-23 18:49:56',NULL),(69,'m','1982-04-25',69,'1970-04-25 04:24:43',NULL),(70,'f','2004-03-08',70,'1995-03-16 12:52:28',NULL),(71,'m','2011-04-05',71,'1971-10-27 02:58:39',NULL),(72,'m','2019-12-09',72,'2019-03-03 21:44:15',NULL),(73,'m','2013-11-11',73,'1979-06-30 16:02:16',NULL),(74,'m','2018-06-24',74,'2000-11-18 04:22:53',NULL),(75,'f','1999-04-23',75,'2007-05-17 04:21:12',NULL),(76,'m','1992-12-30',76,'1995-05-07 20:38:04',NULL),(77,'m','1985-04-14',77,'2003-05-30 05:10:13',NULL),(78,'f','2022-05-09',78,'1979-12-28 06:14:51',NULL),(79,'f','2008-06-22',79,'2001-07-07 13:06:49',NULL),(80,'f','2008-08-07',80,'2019-02-21 15:52:31',NULL),(81,'m','2014-07-02',81,'2021-12-18 15:48:29',NULL),(82,'m','2017-04-22',82,'2010-10-26 13:51:32',NULL),(83,'m','2018-04-24',83,'1972-05-09 22:04:26',NULL),(84,'f','1995-07-04',84,'1985-04-08 20:03:28',NULL),(85,'f','1987-10-23',85,'1987-01-07 01:24:14',NULL),(86,'f','1986-05-19',86,'1997-10-23 11:50:51',NULL),(87,'f','1978-11-16',87,'1991-02-10 09:05:52',NULL),(88,'m','1998-11-19',88,'1973-04-10 08:48:05',NULL),(89,'m','1993-08-21',89,'1994-11-10 07:54:28',NULL),(90,'m','2017-06-17',90,'2013-07-08 10:20:26',NULL),(91,'f','1977-07-02',91,'2000-08-14 13:30:41',NULL),(92,'m','2009-01-12',92,'1975-11-18 13:32:27',NULL),(93,'f','1980-02-07',93,'1972-07-04 18:38:06',NULL),(94,'f','2004-08-21',94,'1999-05-25 08:30:36',NULL),(95,'m','2009-11-04',95,'1973-07-09 23:56:41',NULL),(96,'f','1978-09-04',96,'1979-09-25 12:10:46',NULL),(97,'f','1994-04-07',97,'1989-11-09 12:19:06',NULL),(98,'m','1985-02-25',98,'1984-10-03 15:46:22',NULL),(99,'m','1980-09-13',99,'2014-08-24 16:53:09',NULL),(100,'f','1998-07-27',100,'1984-01-16 13:34:21',NULL);
/*!40000 ALTER TABLE `profiles` ENABLE KEYS */;
UNLOCK TABLES;

--
-- Table structure for table `users`
--

DROP TABLE IF EXISTS `users`;
/*!40101 SET @saved_cs_client     = @@character_set_client */;
/*!40101 SET character_set_client = utf8 */;
CREATE TABLE `users` (
  `id` bigint(20) unsigned NOT NULL AUTO_INCREMENT,
  `firstname` varchar(100) COLLATE utf8mb4_unicode_ci DEFAULT NULL,
  `lastname` varchar(100) COLLATE utf8mb4_unicode_ci DEFAULT NULL COMMENT 'Фамилия',
  `email` varchar(100) COLLATE utf8mb4_unicode_ci DEFAULT NULL,
  `password_hash` varchar(100) COLLATE utf8mb4_unicode_ci DEFAULT NULL,
  `phone` bigint(20) DEFAULT NULL,
  `is_deleted` bit(1) DEFAULT b'0',
  PRIMARY KEY (`id`),
  UNIQUE KEY `email` (`email`),
  KEY `users_firstname_lastname_idx` (`firstname`,`lastname`)
) ENGINE=InnoDB AUTO_INCREMENT=101 DEFAULT CHARSET=utf8mb4 COLLATE=utf8mb4_unicode_ci;
/*!40101 SET character_set_client = @saved_cs_client */;

--
-- Dumping data for table `users`
--

LOCK TABLES `users` WRITE;
/*!40000 ALTER TABLE `users` DISABLE KEYS */;
INSERT INTO `users` VALUES (1,'Anastacio','Fisher','jaylan46@example.com','fbc146f1d1afb37f30076f7acb7fa9878b7384b1',9782463613,'\0'),(2,'Americo','Senger','missouri71@example.net','72d25dd630b62f5dbd5f7deaf16fa50684c0395b',9209821573,''),(3,'Alexzander','Ruecker','maryse.greenfelder@example.org','6bcb0c826fade9b9536772dba16118e0d5df3ce9',9287105405,'\0'),(4,'Muhammad','Spinka','margaret58@example.com','4285cfefa6f91670a9cb8723e6010c465bf42702',9636251034,''),(5,'Annabelle','Barrows','wlang@example.org','e868570ee9894b003b9772fa3d51ed83a0f45868',9516096160,''),(6,'Nicolette','Aufderhar','craig.murray@example.com','30413a966730982593a4bc69a89cd4ba92e49bbf',9947877628,''),(7,'Henry','Bashirian','gvon@example.net','64488003ad5925f8a832a0c92fae525af3f833f1',9831722339,'\0'),(8,'Maya','Yost','cali.leffler@example.net','ba9ea47e5f4290398e7f0e75dacaac79b5ffc16c',9619010162,''),(9,'Deondre','Goldner','cydney86@example.org','6b92ad4c663c326eda95d41f2d78280dc8976920',9733298113,''),(10,'Orland','Metz','lynn.kassulke@example.com','7abe00e99c78999329c85826cfd7c66ad47bde91',9160312605,''),(11,'Zachery','Wisozk','bwisoky@example.net','305c75e49f70d12c25537e216be5b9127554d8a1',9066537301,'\0'),(12,'Greyson','Schowalter','krajcik.benedict@example.com','854a8d74e5bd9c545cc4d2e6bb3c5b641d7d70ac',9900343766,''),(13,'Fannie','Schmitt','roslyn27@example.com','4aec37fcd52d96ae4f128acdf9cb32862224984e',9066874191,''),(14,'Micheal','Ryan','sophia25@example.com','8567593fd2ae10698172cd4e63f35d66fe318a29',9253313866,'\0'),(15,'Abigayle','Bechtelar','jovan.berge@example.net','8bdc43237cc922628d058b043ca575abfffa36ea',9346798278,'\0'),(16,'Lukas','Gorczany','howell.piper@example.net','e5193b467c3ce3f557c6aed402ad541819c4c86d',9551865142,''),(17,'Herta','Dach','dgrant@example.com','e1090bf7607576ab8255b15b12f7d69865e3fa1e',9831129494,'\0'),(18,'Furman','Kulas','demond.casper@example.com','067fe4a91f8474f2b2a181d13d454f36f1fa7b4e',9204717091,''),(19,'Aurelie','Schmitt','pablo91@example.com','2db55e00f541efe3b6d13ab46be027636b3392b9',9464160997,''),(20,'Darian','Christiansen','jermain.friesen@example.net','5b40b75a7445fd321304c9677f55b87501730f5a',9047168238,'\0'),(21,'Itzel','Bartell','ecrooks@example.net','94234c6862bece0ef989ccdfab29b80bc4edef48',9889868339,'\0'),(22,'Dianna','Carroll','fermin34@example.org','aab3e81f57a1caba6a01f40608789864a03c9f60',9890771188,''),(23,'Rowan','McGlynn','hessel.roman@example.net','4e043e01d058c10279f6928c074cb3edf32a0c17',9563440224,'\0'),(24,'Benton','Stoltenberg','koepp.roxanne@example.com','9cd71fa84f2bd2a13f76aefea8dbe7def2e139c2',9589610558,'\0'),(25,'Otha','Conroy','stanford49@example.org','7253bb2ab0cc3637f409891d21aa6f9855acfeb4',9600832865,'\0'),(26,'Tyrese','Hessel','darron.breitenberg@example.org','a300c187d88bf4a57b6f67484f82282a3aeecdbf',9158688728,''),(27,'Neva','Murphy','stephan.trantow@example.org','79dfd5323818b3f5dfb546c5be60954cf6b511ef',9294087550,''),(28,'Rowena','Ernser','nathanial.auer@example.com','e719a6f3358928a91293e0e3a089ae6f34b732ee',9844476413,'\0'),(29,'Noemy','Pacocha','viola.olson@example.org','36bd84f5a137d417ab78ddfd0bbb2ee45ab19f50',9300504065,'\0'),(30,'Juwan','Braun','hodkiewicz.camila@example.org','fa5c2ca5b74c0a40cd365456d27988ddab1c1f2c',9344823302,'\0'),(31,'Lew','Tremblay','nico32@example.org','d6962c913c162ad6ee5b28353820137a6df13396',9910427373,''),(32,'Nathanial','Connelly','rboyer@example.org','e9cd764ac8faeff9737848bcecfc8fc6b4729ce9',9235223530,''),(33,'Yvette','Goyette','kuphal.deanna@example.org','d87fdae3adc0c5d8661b3a3a72613cc8480a1ac5',9123854718,''),(34,'Arnold','Lehner','keshawn.kuvalis@example.com','35d78317c4b8102a6070c378588e214b4e3957de',9355646015,''),(35,'Devyn','Green','lebsack.shirley@example.net','754cc17e8a045577e52c7116f3903973e7d8ed2e',9752484758,''),(36,'Natalia','McGlynn','lucile.cassin@example.com','a2bc6736b487da24dfbd647a47c64e8f099e46b3',9392206540,'\0'),(37,'Fernando','Hudson','conrad37@example.com','6a7899bef1999921c2daff1eae68424d7f1b5ea4',9492309548,''),(38,'Zackary','Sauer','cole54@example.com','3194444112f8172ae86e731cb349c6af45665ac9',9141144488,'\0'),(39,'Elza','Ziemann','cbechtelar@example.org','032e4218485e10a71caf30fecea796ee3c4b2b84',9907991661,''),(40,'Angie','Zemlak','wilfrid.windler@example.com','b7236b0700b0876a2ce7c01aa81c1aa7711ad222',9399395049,''),(41,'Addie','Kulas','fspinka@example.com','c5de7f1d36479a66efc57f60e6842a46c9f433ee',9082590174,''),(42,'Ladarius','Deckow','velma.kertzmann@example.com','9fa34b0fc5094560f6d5f86fc46048d2f33599f9',9998998787,'\0'),(43,'Jamal','Little','kiley.nolan@example.net','7995850f93d9801c60f543e83ea8447164c1769b',9544860264,''),(44,'Alessia','Yundt','alda81@example.com','cc024e28598143c73fbd87e3291343fc97e837f6',9563886082,'\0'),(45,'Bernita','Walter','jaclyn.batz@example.net','3f222eb9df12f04ddc6b59a05ee934cdb649d873',9974741904,''),(46,'Forest','Lynch','schaden.esta@example.org','5f8616a16bb9a7bebaa5a17f5decc2ff3a0760cc',9156490377,'\0'),(47,'Elmore','Waelchi','winston36@example.net','2caae376510c60c72b2219d0b2b2c6b4b949a02c',9833405940,''),(48,'Nicola','Gleason','schneider.reina@example.com','d3a490ce0cf90a3a10b4585df91164bbbc8e02c4',9135228859,'\0'),(49,'Stacy','Bergnaum','kharris@example.net','f2e6fa648e71543596de1fe3af09c801a100906a',9030166309,''),(50,'Marcelle','Heller','florine.schuppe@example.com','94326d52c29f14d249a8f42a4cab5582433071cf',9797422749,'\0'),(51,'Annalise','Cummerata','jaycee.kris@example.net','e3865d3955896c63d6c9b7eb7cf7888b7acb062d',9204093832,'\0'),(52,'Keagan','Runolfsson','mann.kurt@example.org','2f7e82bc852922c5b26998f8fec714ebab1d7447',9884277275,''),(53,'King','Wilkinson','rondricka@example.net','ef106d16056cf13a1f62210315113d768c4cb046',9737870745,'\0'),(54,'Iva','Bruen','owisozk@example.net','629785a1c8fe08e24bc189a4c8cc5118e8bab478',9155987621,'\0'),(55,'Madge','Reilly','carmella.kunze@example.org','b4d63b99a42c0e5a522744929d07545ff363ed81',9823441522,''),(56,'Kristy','Toy','yschaden@example.org','795cee2ff9696b56c64d0b4ad0567db2ce6434ff',9285200964,'\0'),(57,'Anabel','Hickle','alena.klocko@example.net','48cd54bd766d0b6af610f728614a5445c364aa23',9184688578,''),(58,'Tyra','Streich','muller.sammie@example.com','7538c9dd1e45108e8bd8f7ebdf1059d4377a120d',9245830628,''),(59,'Adelia','Koch','elinore.deckow@example.com','0fb5457413a6c63b564edee032b3405103d5092a',9420318372,'\0'),(60,'Henri','Hammes','amanda.powlowski@example.net','750f6c78d2c12a9a7d8436008f31a056110a3c1c',9773704614,'\0'),(61,'Marcia','Wunsch','ali05@example.net','d5849456a98fda81ef8ca2e9c26eee229f1a2c12',9432765004,'\0'),(62,'April','Rath','maia.hickle@example.com','b97608a0ddf6d22508879f61e1ccb659e3b0abf7',9754576806,'\0'),(63,'Jacky','Harris','zschumm@example.org','c42cb57f1cae62306418466cce15617c929dee82',9443048076,''),(64,'Suzanne','Haley','santina16@example.com','3c232d544e4bc0b70c9bab8c05481bf9e196cb14',9925256653,'\0'),(65,'Alexandrine','Stamm','gloria36@example.com','c995a77294aac588babb9323e4ef5bf06851d8fd',9356573528,''),(66,'Sandra','Bins','johann40@example.org','53d2c574e7a37960ee36f449d216e9912a7f53c8',9961670998,'\0'),(67,'Reid','Kulas','rebecca.stamm@example.com','85fdaa088b922f1a6f642725f54456401de9c1f8',9137952321,'\0'),(68,'Bradley','Wolff','rahsaan20@example.com','86bfbe7afe403e7c02b6c90fdfe6fcc7f391c12a',9195792653,'\0'),(69,'Juston','Olson','moen.amely@example.com','5345e2b05328e5526f2a225b420c85c1d3927c4f',9781528682,'\0'),(70,'Randal','Renner','louie29@example.com','f5ae86de3499366643ba4745404c19e0b49c543c',9860751611,''),(71,'Clara','Waters','ullrich.angelita@example.net','227973230719771408ab2a092ef673e309bac91a',9341294771,'\0'),(72,'Virginia','Schulist','towne.clyde@example.com','04883494b4545660e605380fdaff69793c350c74',9640641931,''),(73,'Chance','Stanton','chasity.cassin@example.net','c9a4c0b1806b41926bf5225b9fc456e3f9ad1f22',9561639210,'\0'),(74,'Brenden','Padberg','sim35@example.com','f6442588b49ef69d6ad007152641019417639a81',9168990009,''),(75,'Arielle','Smitham','naomi16@example.org','cd2f8e3e06daba33574edec2d7a9e2100e51d2e4',9333586628,'\0'),(76,'Domenick','Barrows','verla77@example.com','7b98d8d13dbe82a6c9439eec1747ff04119da12b',9078584507,''),(77,'Zackary','Hammes','christian04@example.net','f763d943bb18097abae7358d8f01417ecb7bddbf',9085129253,'\0'),(78,'Tyra','Champlin','fadams@example.net','a8a04110ec723a163e0a591d49132983f16f7424',9917675293,''),(79,'Natasha','Hahn','ujacobs@example.org','f734ba650dcfcf9696840f8d41222886f8f7fb08',9957843703,''),(80,'Russ','Stroman','frankie26@example.org','3a0d326e598a5bdc04e1f7b4bb039bbd8b1c6bb2',9847595686,''),(81,'Julius','Mosciski','josephine02@example.com','b933cdfd0423ff8520ab303e36e66f218684fcc6',9291513067,''),(82,'Autumn','Pagac','mable10@example.org','b2a28eb1994ce0558e6d31d0f220f2f28d57bc02',9902219954,''),(83,'Vince','O\'Connell','verona.gleason@example.com','ba55c9d91696cc0cabf443fc82056cb71f07ec17',9293966510,'\0'),(84,'Rozella','Collins','heathcote.fay@example.com','67c159ef4f68c5db5ad6dd852ab6f44f2ab74153',9768874119,'\0'),(85,'Julia','Sanford','charlie.johns@example.org','d7c118afa898f509f1a95ec7b68a78386face846',9090356603,''),(86,'Violette','Schuster','era.parisian@example.org','1bd268478297b14a5339f1e4157b20611f9f87fa',9643019225,''),(87,'Gianni','Haag','jerrold44@example.org','d0057c2171445f3042965398f6f8ff8121323d4a',9134144432,''),(88,'Anya','Orn','camron.o\'kon@example.net','6e64133241c694e1fc6d1b2b1d9b079548575433',9295996419,''),(89,'Dedrick','Beier','lillie16@example.org','c29ac4f2ff18b339b6c3ab08ffa55f508085187f',9945492448,'\0'),(90,'Evelyn','Wilderman','sallie.emard@example.com','621f5b83767f23086d22c41549f36b7cbc7f3737',9045445936,''),(91,'Arlene','Friesen','ebba60@example.net','f9b5dd315e843ed6e495692582f9f930f3ebd3b8',9197325976,''),(92,'Adelbert','Thiel','gfeil@example.org','43c2712f466000485075a9f0a76f298556f67606',9973644544,'\0'),(93,'Niko','Smith','xswift@example.org','49a48972f42ec520c5a98f9e0c5e7b0d6fae5080',9428845578,'\0'),(94,'Maggie','Hackett','dereck.renner@example.com','34c322ce410768d256b8119a4a9bca229135c356',9796379311,'\0'),(95,'Lexie','Goyette','schaden.cordie@example.com','313423ffc58a02653f2a93e3d7a33b1e306aaa5e',9749499007,''),(96,'Nels','Stoltenberg','uwest@example.org','707a1601218698c7fb29454ec9afc74bf4797429',9533633054,''),(97,'Cicero','Terry','kupton@example.org','2eb12af53632ea9a52c04d851030843146c4c274',9334657939,''),(98,'Jerald','Howell','cummerata.candice@example.com','1c89dd190d2309fd90091fa992e111b6c11a3671',9275789066,'\0'),(99,'Ike','Stroman','albertha60@example.org','46721cb7e4e23df0c4bc709b822eb0e0f2ac2288',9820005604,'\0'),(100,'Hershel','Witting','pollich.howell@example.net','152565d94f8869de893e2dd14e63d4eebf22a9b3',9569379274,'\0');
/*!40000 ALTER TABLE `users` ENABLE KEYS */;
UNLOCK TABLES;

--
-- Table structure for table `users_communities`
--

DROP TABLE IF EXISTS `users_communities`;
/*!40101 SET @saved_cs_client     = @@character_set_client */;
/*!40101 SET character_set_client = utf8 */;
CREATE TABLE `users_communities` (
  `user_id` bigint(20) unsigned NOT NULL,
  `community_id` bigint(20) unsigned NOT NULL,
  PRIMARY KEY (`user_id`,`community_id`),
  KEY `community_id` (`community_id`),
  CONSTRAINT `users_communities_ibfk_1` FOREIGN KEY (`user_id`) REFERENCES `users` (`id`) ON DELETE CASCADE ON UPDATE CASCADE,
  CONSTRAINT `users_communities_ibfk_2` FOREIGN KEY (`community_id`) REFERENCES `communities` (`id`) ON DELETE CASCADE ON UPDATE CASCADE
) ENGINE=InnoDB DEFAULT CHARSET=utf8mb4 COLLATE=utf8mb4_unicode_ci;
/*!40101 SET character_set_client = @saved_cs_client */;

--
-- Dumping data for table `users_communities`
--

LOCK TABLES `users_communities` WRITE;
/*!40000 ALTER TABLE `users_communities` DISABLE KEYS */;
INSERT INTO `users_communities` VALUES (1,51),(1,70),(2,16),(2,88),(2,94),(3,38),(4,37),(4,92),(5,37),(5,54),(5,76),(6,41),(7,30),(7,77),(7,82),(10,26),(12,14),(13,9),(14,17),(14,93),(15,73),(16,5),(18,70),(20,10),(22,31),(24,83),(26,33),(26,97),(27,42),(27,88),(28,83),(29,6),(29,83),(30,41),(30,50),(32,71),(32,75),(32,98),(36,15),(37,4),(38,79),(39,57),(40,49),(42,19),(42,26),(42,31),(42,49),(44,36),(44,70),(45,3),(46,84),(46,86),(52,72),(53,10),(53,61),(54,54),(56,82),(58,2),(58,5),(58,54),(59,35),(59,75),(61,10),(62,23),(62,54),(62,81),(64,76),(68,24),(68,58),(69,4),(70,8),(70,43),(70,74),(71,95),(72,18),(72,40),(72,80),(74,73),(75,3),(75,47),(76,6),(77,48),(77,53),(77,59),(78,9),(79,39),(79,61),(81,2),(83,92),(85,34),(85,54),(85,79),(86,57),(89,40),(94,46),(95,73),(97,59),(98,100),(100,7),(100,51);
/*!40000 ALTER TABLE `users_communities` ENABLE KEYS */;
UNLOCK TABLES;
/*!40103 SET TIME_ZONE=@OLD_TIME_ZONE */;

/*!40101 SET SQL_MODE=@OLD_SQL_MODE */;
/*!40014 SET FOREIGN_KEY_CHECKS=@OLD_FOREIGN_KEY_CHECKS */;
/*!40014 SET UNIQUE_CHECKS=@OLD_UNIQUE_CHECKS */;
/*!40101 SET CHARACTER_SET_CLIENT=@OLD_CHARACTER_SET_CLIENT */;
/*!40101 SET CHARACTER_SET_RESULTS=@OLD_CHARACTER_SET_RESULTS */;
/*!40101 SET COLLATION_CONNECTION=@OLD_COLLATION_CONNECTION */;
/*!40111 SET SQL_NOTES=@OLD_SQL_NOTES */;

-- Dump completed on 2022-09-02  5:59:26

/* 2. Написать скрипт, возвращающий список имен (только firstname) пользователей без повторений в алфавитном порядке.*/

USE VK;

SELECT DISTINCT firstname FROM users;

/* 3. Первые пять пользователей пометить как удаленные.*/

UPDATE users 
	SET is_deleted = TRUE
	LIMIT 5;
	
/* 4. Написать скрипт, удаляющий сообщения «из будущего» (дата больше сегодняшней).*/

UPDATE messages 
	SET created_at = '2022-09-06 00:00:00' -- Установили дату сообщений, больше сегодняшней
	LIMIT 5;

DELETE FROM messages
	WHERE created_at > now();
	
/* 5. Написать название темы курсового проекта.
Туристическое агентство */